visit_id,headers,referrer,url,time_stamp,cookies
1,"[[""Host"",""use.typekit.net""],[""User-Agent"",""Mozilla/5.0 (X11; Linux x86_64; rv:72.0) Gecko/20100101 Firefox/72.0""],[""Accept"",""*/*""],[""Accept-Language"",""en-US,en;q=0.5""],[""Accept-Encoding"",""gzip, deflate, br""],[""Referer"",""https://www.berkeley.edu/""],[""Connection"",""keep-alive""]]",https://www.berkeley.edu/,https://use.typekit.net/zpy2xov.js,2020-04-23T03:35:19.484Z,
1,"[[""Host"",""ajax.googleapis.com""],[""User-Agent"",""Mozilla/5.0 (X11; Linux x86_64; rv:72.0) Gecko/20100101 Firefox/72.0""],[""Accept"",""*/*""],[""Accept-Language"",""en-US,en;q=0.5""],[""Accept-Encoding"",""gzip, deflate, br""],[""Referer"",""https://www.berkeley.edu/""],[""Connection"",""keep-alive""]]",https://www.berkeley.edu/,https://ajax.googleapis.com/ajax/libs/jquery/2.1.1/jquery.min.js,2020-04-23T03:35:19.489Z,
1,"[[""Host"",""siteimproveanalytics.com""],[""User-Agent"",""Mozilla/5.0 (X11; Linux x86_64; rv:72.0) Gecko/20100101 Firefox/72.0""],[""Accept"",""*/*""],[""Accept-Language"",""en-US,en;q=0.5""],[""Accept-Encoding"",""gzip, deflate, br""],[""Referer"",""https://www.berkeley.edu/""],[""Connection"",""keep-alive""]]",https://www.berkeley.edu/,https://siteimproveanalytics.com/js/siteanalyze_8343.js,2020-04-23T03:35:20.290Z,
1,"[[""Host"",""ssl.google-analytics.com""],[""User-Agent"",""Mozilla/5.0 (X11; Linux x86_64; rv:72.0) Gecko/20100101 Firefox/72.0""],[""Accept"",""*/*""],[""Accept-Language"",""en-US,en;q=0.5""],[""Accept-Encoding"",""gzip, deflate, br""],[""Referer"",""https://www.berkeley.edu/""],[""Connection"",""keep-alive""]]",https://www.berkeley.edu/,https://ssl.google-analytics.com/ga.js,2020-04-23T03:35:20.291Z,
1,"[[""Host"",""fonts.gstatic.com""],[""User-Agent"",""Mozilla/5.0 (X11; Linux x86_64; rv:72.0) Gecko/20100101 Firefox/72.0""],[""Accept"",""application/font-woff2;q=1.0,application/font-woff;q=0.9,*/*;q=0.8""],[""Accept-Language"",""en-US,en;q=0.5""],[""Accept-Encoding"",""gzip, deflate, br""],[""Referer"",""https://www.berkeley.edu/cache/5813b1334e164cdb3cb68b53b251ff687172cd4e.1584483415.css""],[""Origin"",""https://www.berkeley.edu""],[""Connection"",""keep-alive""]]",https://www.berkeley.edu/cache/5813b1334e164cdb3cb68b53b251ff687172cd4e.1584483415.css,https://fonts.gstatic.com/s/opensans/v17/mem8YaGs126MiZpBA-UFVZ0e.ttf,2020-04-23T03:35:20.293Z,
1,"[[""Host"",""fonts.gstatic.com""],[""User-Agent"",""Mozilla/5.0 (X11; Linux x86_64; rv:72.0) Gecko/20100101 Firefox/72.0""],[""Accept"",""application/font-woff2;q=1.0,application/font-woff;q=0.9,*/*;q=0.8""],[""Accept-Language"",""en-US,en;q=0.5""],[""Accept-Encoding"",""gzip, deflate, br""],[""Referer"",""https://www.berkeley.edu/cache/5813b1334e164cdb3cb68b53b251ff687172cd4e.1584483415.css""],[""Origin"",""https://www.berkeley.edu""],[""Connection"",""keep-alive""]]",https://www.berkeley.edu/cache/5813b1334e164cdb3cb68b53b251ff687172cd4e.1584483415.css,https://fonts.gstatic.com/s/opensans/v17/mem5YaGs126MiZpBA-UN7rgOUuhs.ttf,2020-04-23T03:35:20.293Z,
1,"[[""Host"",""fonts.gstatic.com""],[""User-Agent"",""Mozilla/5.0 (X11; Linux x86_64; rv:72.0) Gecko/20100101 Firefox/72.0""],[""Accept"",""application/font-woff2;q=1.0,application/font-woff;q=0.9,*/*;q=0.8""],[""Accept-Language"",""en-US,en;q=0.5""],[""Accept-Encoding"",""gzip, deflate, br""],[""Referer"",""https://www.berkeley.edu/cache/5813b1334e164cdb3cb68b53b251ff687172cd4e.1584483415.css""],[""Origin"",""https://www.berkeley.edu""],[""Connection"",""keep-alive""]]",https://www.berkeley.edu/cache/5813b1334e164cdb3cb68b53b251ff687172cd4e.1584483415.css,https://fonts.gstatic.com/s/opensans/v17/mem5YaGs126MiZpBA-UNirkOUuhs.ttf,2020-04-23T03:35:20.293Z,
1,"[[""Host"",""use.typekit.net""],[""User-Agent"",""Mozilla/5.0 (X11; Linux x86_64; rv:72.0) Gecko/20100101 Firefox/72.0""],[""Accept"",""application/font-woff2;q=1.0,application/font-woff;q=0.9,*/*;q=0.8""],[""Accept-Language"",""en-US,en;q=0.5""],[""Accept-Encoding"",""identity""],[""Referer"",""https://www.berkeley.edu/""],[""Origin"",""https://www.berkeley.edu""],[""Connection"",""keep-alive""]]",https://www.berkeley.edu/,https://use.typekit.net/af/ac3a8f/00000000000000000001326b/27/l?subset_id=2&fvd=n5&v=3,2020-04-23T03:35:20.293Z,
1,"[[""Host"",""use.typekit.net""],[""User-Agent"",""Mozilla/5.0 (X11; Linux x86_64; rv:72.0) Gecko/20100101 Firefox/72.0""],[""Accept"",""application/font-woff2;q=1.0,application/font-woff;q=0.9,*/*;q=0.8""],[""Accept-Language"",""en-US,en;q=0.5""],[""Accept-Encoding"",""identity""],[""Referer"",""https://www.berkeley.edu/""],[""Origin"",""https://www.berkeley.edu""],[""Connection"",""keep-alive""]]",https://www.berkeley.edu/,https://use.typekit.net/af/6f88f7/00000000000000000001322a/27/l?subset_id=2&fvd=n4&v=3,2020-04-23T03:35:20.294Z,
1,"[[""Host"",""fonts.gstatic.com""],[""User-Agent"",""Mozilla/5.0 (X11; Linux x86_64; rv:72.0) Gecko/20100101 Firefox/72.0""],[""Accept"",""application/font-woff2;q=1.0,application/font-woff;q=0.9,*/*;q=0.8""],[""Accept-Language"",""en-US,en;q=0.5""],[""Accept-Encoding"",""gzip, deflate, br""],[""Referer"",""https://www.berkeley.edu/cache/5813b1334e164cdb3cb68b53b251ff687172cd4e.1584483415.css""],[""Origin"",""https://www.berkeley.edu""],[""Connection"",""keep-alive""]]",https://www.berkeley.edu/cache/5813b1334e164cdb3cb68b53b251ff687172cd4e.1584483415.css,https://fonts.gstatic.com/s/opensans/v17/mem6YaGs126MiZpBA-UFUK0Zdcg.ttf,2020-04-23T03:35:20.294Z,
1,"[[""Host"",""use.typekit.net""],[""User-Agent"",""Mozilla/5.0 (X11; Linux x86_64; rv:72.0) Gecko/20100101 Firefox/72.0""],[""Accept"",""application/font-woff2;q=1.0,application/font-woff;q=0.9,*/*;q=0.8""],[""Accept-Language"",""en-US,en;q=0.5""],[""Accept-Encoding"",""identity""],[""Referer"",""https://www.berkeley.edu/""],[""Origin"",""https://www.berkeley.edu""],[""Connection"",""keep-alive""]]",https://www.berkeley.edu/,https://use.typekit.net/af/0199e8/00000000000000000001326d/27/l?subset_id=2&fvd=n6&v=3,2020-04-23T03:35:20.294Z,
1,"[[""Host"",""use.typekit.net""],[""User-Agent"",""Mozilla/5.0 (X11; Linux x86_64; rv:72.0) Gecko/20100101 Firefox/72.0""],[""Accept"",""application/font-woff2;q=1.0,application/font-woff;q=0.9,*/*;q=0.8""],[""Accept-Language"",""en-US,en;q=0.5""],[""Accept-Encoding"",""identity""],[""Referer"",""https://www.berkeley.edu/""],[""Origin"",""https://www.berkeley.edu""],[""Connection"",""keep-alive""]]",https://www.berkeley.edu/,https://use.typekit.net/af/442215/000000000000000000010b5a/27/l?subset_id=2&fvd=n4&v=3,2020-04-23T03:35:20.294Z,
1,"[[""Host"",""use.typekit.net""],[""User-Agent"",""Mozilla/5.0 (X11; Linux x86_64; rv:72.0) Gecko/20100101 Firefox/72.0""],[""Accept"",""application/font-woff2;q=1.0,application/font-woff;q=0.9,*/*;q=0.8""],[""Accept-Language"",""en-US,en;q=0.5""],[""Accept-Encoding"",""identity""],[""Referer"",""https://www.berkeley.edu/""],[""Origin"",""https://www.berkeley.edu""],[""Connection"",""keep-alive""]]",https://www.berkeley.edu/,https://use.typekit.net/af/3df5fe/000000000000000000010b5b/27/l?subset_id=2&fvd=i4&v=3,2020-04-23T03:35:20.295Z,
1,"[[""Host"",""use.typekit.net""],[""User-Agent"",""Mozilla/5.0 (X11; Linux x86_64; rv:72.0) Gecko/20100101 Firefox/72.0""],[""Accept"",""application/font-woff2;q=1.0,application/font-woff;q=0.9,*/*;q=0.8""],[""Accept-Language"",""en-US,en;q=0.5""],[""Accept-Encoding"",""identity""],[""Referer"",""https://www.berkeley.edu/""],[""Origin"",""https://www.berkeley.edu""],[""Connection"",""keep-alive""]]",https://www.berkeley.edu/,https://use.typekit.net/af/1709eb/000000000000000000010b60/27/l?subset_id=2&fvd=n7&v=3,2020-04-23T03:35:20.295Z,
1,"[[""Host"",""use.typekit.net""],[""User-Agent"",""Mozilla/5.0 (X11; Linux x86_64; rv:72.0) Gecko/20100101 Firefox/72.0""],[""Accept"",""application/font-woff2;q=1.0,application/font-woff;q=0.9,*/*;q=0.8""],[""Accept-Language"",""en-US,en;q=0.5""],[""Accept-Encoding"",""identity""],[""Referer"",""https://www.berkeley.edu/""],[""Origin"",""https://www.berkeley.edu""],[""Connection"",""keep-alive""]]",https://www.berkeley.edu/,https://use.typekit.net/af/65fc7d/000000000000000000010b61/27/l?subset_id=2&fvd=i7&v=3,2020-04-23T03:35:20.295Z,
1,"[[""Host"",""use.typekit.net""],[""User-Agent"",""Mozilla/5.0 (X11; Linux x86_64; rv:72.0) Gecko/20100101 Firefox/72.0""],[""Accept"",""application/font-woff2;q=1.0,application/font-woff;q=0.9,*/*;q=0.8""],[""Accept-Language"",""en-US,en;q=0.5""],[""Accept-Encoding"",""identity""],[""Referer"",""https://www.berkeley.edu/""],[""Origin"",""https://www.berkeley.edu""],[""Connection"",""keep-alive""]]",https://www.berkeley.edu/,https://use.typekit.net/af/8dd886/000000000000000000010b5c/27/l?subset_id=2&fvd=n5&v=3,2020-04-23T03:35:20.295Z,
1,"[[""Host"",""use.typekit.net""],[""User-Agent"",""Mozilla/5.0 (X11; Linux x86_64; rv:72.0) Gecko/20100101 Firefox/72.0""],[""Accept"",""application/font-woff2;q=1.0,application/font-woff;q=0.9,*/*;q=0.8""],[""Accept-Language"",""en-US,en;q=0.5""],[""Accept-Encoding"",""identity""],[""Referer"",""https://www.berkeley.edu/""],[""Origin"",""https://www.berkeley.edu""],[""Connection"",""keep-alive""]]",https://www.berkeley.edu/,https://use.typekit.net/af/441f33/000000000000000000010b5d/27/l?subset_id=2&fvd=i5&v=3,2020-04-23T03:35:20.296Z,
1,"[[""Host"",""use.typekit.net""],[""User-Agent"",""Mozilla/5.0 (X11; Linux x86_64; rv:72.0) Gecko/20100101 Firefox/72.0""],[""Accept"",""application/font-woff2;q=1.0,application/font-woff;q=0.9,*/*;q=0.8""],[""Accept-Language"",""en-US,en;q=0.5""],[""Accept-Encoding"",""identity""],[""Referer"",""https://www.berkeley.edu/""],[""Origin"",""https://www.berkeley.edu""],[""Connection"",""keep-alive""]]",https://www.berkeley.edu/,https://use.typekit.net/af/cef9f3/000000000000000000010b5e/27/l?subset_id=2&fvd=n6&v=3,2020-04-23T03:35:20.296Z,
1,"[[""Host"",""use.typekit.net""],[""User-Agent"",""Mozilla/5.0 (X11; Linux x86_64; rv:72.0) Gecko/20100101 Firefox/72.0""],[""Accept"",""application/font-woff2;q=1.0,application/font-woff;q=0.9,*/*;q=0.8""],[""Accept-Language"",""en-US,en;q=0.5""],[""Accept-Encoding"",""identity""],[""Referer"",""https://www.berkeley.edu/""],[""Origin"",""https://www.berkeley.edu""],[""Connection"",""keep-alive""]]",https://www.berkeley.edu/,https://use.typekit.net/af/2a72d2/000000000000000000010b5f/27/l?subset_id=2&fvd=i6&v=3,2020-04-23T03:35:20.296Z,
1,"[[""Host"",""use.typekit.net""],[""User-Agent"",""Mozilla/5.0 (X11; Linux x86_64; rv:72.0) Gecko/20100101 Firefox/72.0""],[""Accept"",""application/font-woff2;q=1.0,application/font-woff;q=0.9,*/*;q=0.8""],[""Accept-Language"",""en-US,en;q=0.5""],[""Accept-Encoding"",""identity""],[""Referer"",""https://www.berkeley.edu/""],[""Origin"",""https://www.berkeley.edu""],[""Connection"",""keep-alive""]]",https://www.berkeley.edu/,https://use.typekit.net/af/f0834a/00000000000000000001322b/27/l?subset_id=2&fvd=i4&v=3,2020-04-23T03:35:20.296Z,
1,"[[""Host"",""use.typekit.net""],[""User-Agent"",""Mozilla/5.0 (X11; Linux x86_64; rv:72.0) Gecko/20100101 Firefox/72.0""],[""Accept"",""application/font-woff2;q=1.0,application/font-woff;q=0.9,*/*;q=0.8""],[""Accept-Language"",""en-US,en;q=0.5""],[""Accept-Encoding"",""identity""],[""Referer"",""https://www.berkeley.edu/""],[""Origin"",""https://www.berkeley.edu""],[""Connection"",""keep-alive""]]",https://www.berkeley.edu/,https://use.typekit.net/af/a43b99/00000000000000000001326c/27/l?subset_id=2&fvd=i5&v=3,2020-04-23T03:35:20.296Z,
1,"[[""Host"",""use.typekit.net""],[""User-Agent"",""Mozilla/5.0 (X11; Linux x86_64; rv:72.0) Gecko/20100101 Firefox/72.0""],[""Accept"",""application/font-woff2;q=1.0,application/font-woff;q=0.9,*/*;q=0.8""],[""Accept-Language"",""en-US,en;q=0.5""],[""Accept-Encoding"",""identity""],[""Referer"",""https://www.berkeley.edu/""],[""Origin"",""https://www.berkeley.edu""],[""Connection"",""keep-alive""]]",https://www.berkeley.edu/,https://use.typekit.net/af/675d34/00000000000000000001326e/27/l?subset_id=2&fvd=i6&v=3,2020-04-23T03:35:20.297Z,
1,"[[""Host"",""www.youtube.com""],[""User-Agent"",""Mozilla/5.0 (X11; Linux x86_64; rv:72.0) Gecko/20100101 Firefox/72.0""],[""Accept"",""*/*""],[""Accept-Language"",""en-US,en;q=0.5""],[""Accept-Encoding"",""gzip, deflate, br""],[""Referer"",""https://www.berkeley.edu/""],[""Connection"",""keep-alive""]]",https://www.berkeley.edu/,https://www.youtube.com/iframe_api,2020-04-23T03:35:20.297Z,
1,"[[""Host"",""connect.facebook.net""],[""User-Agent"",""Mozilla/5.0 (X11; Linux x86_64; rv:72.0) Gecko/20100101 Firefox/72.0""],[""Accept"",""*/*""],[""Accept-Language"",""en-US,en;q=0.5""],[""Accept-Encoding"",""gzip, deflate, br""],[""Referer"",""https://www.berkeley.edu/""],[""Connection"",""keep-alive""]]",https://www.berkeley.edu/,https://connect.facebook.net/en_UK/all.js,2020-04-23T03:35:20.298Z,
1,"[[""Host"",""ssl.google-analytics.com""],[""User-Agent"",""Mozilla/5.0 (X11; Linux x86_64; rv:72.0) Gecko/20100101 Firefox/72.0""],[""Accept"",""image/webp,*/*""],[""Accept-Language"",""en-US,en;q=0.5""],[""Accept-Encoding"",""gzip, deflate, br""],[""Referer"",""https://www.berkeley.edu/""],[""Connection"",""keep-alive""]]",https://www.berkeley.edu/,https://ssl.google-analytics.com/r/__utm.gif?utmwv=5.7.2&utms=1&utmn=1096739137&utmhn=www.berkeley.edu&utmcs=UTF-8&utmsr=1366x768&utmvp=1356x694&utmsc=24-bit&utmul=en-us&utmje=0&utmfl=32.0%20r0&utmdt=Home%20%7C%20University%20of%20California%2C%20Berkeley&utmhid=1954477024&utmr=-&utmp=%2F&utmht=1587612920458&utmac=UA-1506086-3&utmcc=__utma%3D41573937.33904625.1587612920.1587612920.1587612920.1%3B%2B__utmz%3D41573937.1587612920.1.1.utmcsr%3D(direct)%7Cutmccn%3D(direct)%7Cutmcmd%3D(none)%3B&utmjid=1705935079&utmredir=1&utmu=qAAAAAAAAAAAAAAAAAAAAAAE~,2020-04-23T03:35:20.570Z,
1,"[[""Host"",""p.typekit.net""],[""User-Agent"",""Mozilla/5.0 (X11; Linux x86_64; rv:72.0) Gecko/20100101 Firefox/72.0""],[""Accept"",""image/webp,*/*""],[""Accept-Language"",""en-US,en;q=0.5""],[""Accept-Encoding"",""gzip, deflate, br""],[""Referer"",""https://www.berkeley.edu/""],[""Connection"",""keep-alive""]]",https://www.berkeley.edu/,https://p.typekit.net/p.gif?s=1&k=zpy2xov&ht=tk&h=www.berkeley.edu&f=10954.13453.13454.13455.13458.13459.13460.13461.13441.13442.13447.13448.13449.13450&a=565005&js=1.19.2&app=typekit&e=js&_=1587612920493,2020-04-23T03:35:20.570Z,
1,"[[""Host"",""s.ytimg.com""],[""User-Agent"",""Mozilla/5.0 (X11; Linux x86_64; rv:72.0) Gecko/20100101 Firefox/72.0""],[""Accept"",""*/*""],[""Accept-Language"",""en-US,en;q=0.5""],[""Accept-Encoding"",""gzip, deflate, br""],[""Referer"",""https://www.berkeley.edu/""],[""Connection"",""keep-alive""]]",https://www.berkeley.edu/,https://s.ytimg.com/yts/jsbin/www-widgetapi-vflTDS0tW/www-widgetapi.js,2020-04-23T03:35:20.571Z,
1,"[[""Host"",""connect.facebook.net""],[""User-Agent"",""Mozilla/5.0 (X11; Linux x86_64; rv:72.0) Gecko/20100101 Firefox/72.0""],[""Accept"",""*/*""],[""Accept-Language"",""en-US,en;q=0.5""],[""Accept-Encoding"",""gzip, deflate, br""],[""Referer"",""https://www.berkeley.edu/""],[""Origin"",""https://www.berkeley.edu""],[""Connection"",""keep-alive""]]",https://www.berkeley.edu/,https://connect.facebook.net/en_US/all.js?hash=e6605ed997e83c2fa3601dfcb11dae61,2020-04-23T03:35:20.571Z,
1,"[[""Host"",""8343.global.siteimproveanalytics.io""],[""User-Agent"",""Mozilla/5.0 (X11; Linux x86_64; rv:72.0) Gecko/20100101 Firefox/72.0""],[""Accept"",""image/webp,*/*""],[""Accept-Language"",""en-US,en;q=0.5""],[""Accept-Encoding"",""gzip, deflate, br""],[""Referer"",""https://www.berkeley.edu/""],[""Connection"",""keep-alive""]]",https://www.berkeley.edu/,https://8343.global.siteimproveanalytics.io/image.aspx?url=https%3A%2F%2Fwww.berkeley.edu%2F&title=Home%20%7C%20University%20of%20California%2C%20Berkeley&res=1366x768&accountid=8343&rt=1834&prev=1587612924552&luid=02fb2cb7-971b-117f-8037-d6a1ce6be4e3&rnd=55280,2020-04-23T03:35:20.827Z,
1,"[[""Host"",""www.facebook.com""],[""User-Agent"",""Mozilla/5.0 (X11; Linux x86_64; rv:72.0) Gecko/20100101 Firefox/72.0""],[""Accept"",""*/*""],[""Accept-Language"",""en-US,en;q=0.5""],[""Accept-Encoding"",""gzip, deflate, br""],[""Referer"",""https://www.berkeley.edu/""],[""Origin"",""https://www.berkeley.edu""],[""Connection"",""keep-alive""]]",https://www.berkeley.edu/,https://www.facebook.com/x/oauth/status?client_id=290984014442671&input_token&origin=1&redirect_uri=https%3A%2F%2Fwww.berkeley.edu%2F&sdk=joey&wants_cookie_data=false,2020-04-23T03:35:21.080Z,
1,"[[""Host"",""8343.global.siteimproveanalytics.io""],[""User-Agent"",""Mozilla/5.0 (X11; Linux x86_64; rv:72.0) Gecko/20100101 Firefox/72.0""],[""Accept"",""image/webp,*/*""],[""Accept-Language"",""en-US,en;q=0.5""],[""Accept-Encoding"",""gzip, deflate, br""],[""Referer"",""https://www.berkeley.edu/""],[""Connection"",""keep-alive""],[""Cookie"",""siteimproveses=742e37f5-7f07-42c1-af4d-b9e2559b521c; AWSELB=79A3199D10510369DCF60AC124D33FFF15563589227427DFAF0FF5752405531A0B0E934FBD1F6DF63C23D908B9DF8504198078834F0C143FF73F716D574C9DCA3600FDE15996BA362D8F29D671DE0D65EF01927733""]]",https://www.berkeley.edu/,https://8343.global.siteimproveanalytics.io/image.aspx?ourl=http%3A%2F%2Fvcue.berkeley.edu%2Fcommittees-initiatives%2Fcampus-accreditation-overview&ref=https%3A%2F%2Fwww.berkeley.edu%2F&autoonclick=1&accountid=8343&prev=1587612924552&rnd=47215,2020-04-23T03:36:06.321Z,siteimproveses=742e37f5-7f07-42c1-af4d-b9e2559b521c; AWSELB=79A3199D10510369DCF60AC124D33FFF15563589227427DFAF0FF5752405531A0B0E934FBD1F6DF63C23D908B9DF8504198078834F0C143FF73F716D574C9DCA3600FDE15996BA362D8F29D671DE0D65EF01927733
1,"[[""Host"",""fonts.googleapis.com""],[""User-Agent"",""Mozilla/5.0 (X11; Linux x86_64; rv:72.0) Gecko/20100101 Firefox/72.0""],[""Accept"",""text/css,*/*;q=0.1""],[""Accept-Language"",""en-US,en;q=0.5""],[""Accept-Encoding"",""gzip, deflate, br""],[""Referer"",""https://vcue.berkeley.edu/committees-initiatives/campus-accreditation-overview""],[""Connection"",""keep-alive""]]",https://vcue.berkeley.edu/committees-initiatives/campus-accreditation-overview,"https://fonts.googleapis.com/css?family=Open+Sans:300italic,400italic,600italic,700italic,800italic,400,300,600,700,800",2020-04-23T03:36:06.973Z,
1,"[[""Host"",""use.typekit.net""],[""User-Agent"",""Mozilla/5.0 (X11; Linux x86_64; rv:72.0) Gecko/20100101 Firefox/72.0""],[""Accept"",""text/css,*/*;q=0.1""],[""Accept-Language"",""en-US,en;q=0.5""],[""Accept-Encoding"",""gzip, deflate, br""],[""Referer"",""https://vcue.berkeley.edu/committees-initiatives/campus-accreditation-overview""],[""Connection"",""keep-alive""]]",https://vcue.berkeley.edu/committees-initiatives/campus-accreditation-overview,https://use.typekit.net/aeg3kye.css,2020-04-23T03:36:06.973Z,
1,"[[""Host"",""p.typekit.net""],[""User-Agent"",""Mozilla/5.0 (X11; Linux x86_64; rv:72.0) Gecko/20100101 Firefox/72.0""],[""Accept"",""text/css,*/*;q=0.1""],[""Accept-Language"",""en-US,en;q=0.5""],[""Accept-Encoding"",""gzip, deflate, br""],[""Referer"",""https://use.typekit.net/aeg3kye.css""],[""Connection"",""keep-alive""]]",https://use.typekit.net/aeg3kye.css,https://p.typekit.net/p.css?s=1&k=aeg3kye&ht=tk&f=10954.13453.13454.13455.13458.13459.13460.13461.13441.13442.13443.13444.13447.13448.13449.13450&a=36593605&app=typekit&e=css,2020-04-23T03:36:07.107Z,
1,"[[""Host"",""www.google-analytics.com""],[""User-Agent"",""Mozilla/5.0 (X11; Linux x86_64; rv:72.0) Gecko/20100101 Firefox/72.0""],[""Accept"",""*/*""],[""Accept-Language"",""en-US,en;q=0.5""],[""Accept-Encoding"",""gzip, deflate, br""],[""Referer"",""https://vcue.berkeley.edu/committees-initiatives/campus-accreditation-overview""],[""Connection"",""keep-alive""]]",https://vcue.berkeley.edu/committees-initiatives/campus-accreditation-overview,https://www.google-analytics.com/analytics.js,2020-04-23T03:36:07.362Z,
1,"[[""Host"",""fonts.gstatic.com""],[""User-Agent"",""Mozilla/5.0 (X11; Linux x86_64; rv:72.0) Gecko/20100101 Firefox/72.0""],[""Accept"",""application/font-woff2;q=1.0,application/font-woff;q=0.9,*/*;q=0.8""],[""Accept-Language"",""en-US,en;q=0.5""],[""Accept-Encoding"",""identity""],[""Referer"",""https://fonts.googleapis.com/css?family=Open+Sans:300italic,400italic,600italic,700italic,800italic,400,300,600,700,800""],[""Origin"",""https://vcue.berkeley.edu""],[""Connection"",""keep-alive""]]","https://fonts.googleapis.com/css?family=Open+Sans:300italic,400italic,600italic,700italic,800italic,400,300,600,700,800",https://fonts.gstatic.com/s/opensans/v17/mem8YaGs126MiZpBA-UFVZ0b.woff2,2020-04-23T03:36:07.363Z,
1,"[[""Host"",""fonts.gstatic.com""],[""User-Agent"",""Mozilla/5.0 (X11; Linux x86_64; rv:72.0) Gecko/20100101 Firefox/72.0""],[""Accept"",""application/font-woff2;q=1.0,application/font-woff;q=0.9,*/*;q=0.8""],[""Accept-Language"",""en-US,en;q=0.5""],[""Accept-Encoding"",""identity""],[""Referer"",""https://fonts.googleapis.com/css?family=Open+Sans:300italic,400italic,600italic,700italic,800italic,400,300,600,700,800""],[""Origin"",""https://vcue.berkeley.edu""],[""Connection"",""keep-alive""]]","https://fonts.googleapis.com/css?family=Open+Sans:300italic,400italic,600italic,700italic,800italic,400,300,600,700,800",https://fonts.gstatic.com/s/opensans/v17/mem5YaGs126MiZpBA-UNirkOUuhp.woff2,2020-04-23T03:36:07.364Z,
1,"[[""Host"",""fonts.gstatic.com""],[""User-Agent"",""Mozilla/5.0 (X11; Linux x86_64; rv:72.0) Gecko/20100101 Firefox/72.0""],[""Accept"",""application/font-woff2;q=1.0,application/font-woff;q=0.9,*/*;q=0.8""],[""Accept-Language"",""en-US,en;q=0.5""],[""Accept-Encoding"",""identity""],[""Referer"",""https://fonts.googleapis.com/css?family=Open+Sans:300italic,400italic,600italic,700italic,800italic,400,300,600,700,800""],[""Origin"",""https://vcue.berkeley.edu""],[""Connection"",""keep-alive""]]","https://fonts.googleapis.com/css?family=Open+Sans:300italic,400italic,600italic,700italic,800italic,400,300,600,700,800",https://fonts.gstatic.com/s/opensans/v17/mem5YaGs126MiZpBA-UN7rgOUuhp.woff2,2020-04-23T03:36:07.365Z,
1,"[[""Host"",""use.typekit.net""],[""User-Agent"",""Mozilla/5.0 (X11; Linux x86_64; rv:72.0) Gecko/20100101 Firefox/72.0""],[""Accept"",""application/font-woff2;q=1.0,application/font-woff;q=0.9,*/*;q=0.8""],[""Accept-Language"",""en-US,en;q=0.5""],[""Accept-Encoding"",""identity""],[""Referer"",""https://use.typekit.net/aeg3kye.css""],[""Origin"",""https://vcue.berkeley.edu""],[""Connection"",""keep-alive""]]",https://use.typekit.net/aeg3kye.css,https://use.typekit.net/af/6f88f7/00000000000000000001322a/27/l?primer=7fa3915bdafdf03041871920a205bef951d72bf64dd4c4460fb992e3ecc3a862&fvd=n4&v=3,2020-04-23T03:36:07.366Z,
1,"[[""Host"",""www.google-analytics.com""],[""User-Agent"",""Mozilla/5.0 (X11; Linux x86_64; rv:72.0) Gecko/20100101 Firefox/72.0""],[""Accept"",""image/webp,*/*""],[""Accept-Language"",""en-US,en;q=0.5""],[""Accept-Encoding"",""gzip, deflate, br""],[""Referer"",""https://vcue.berkeley.edu/committees-initiatives/campus-accreditation-overview""],[""Connection"",""keep-alive""]]",https://vcue.berkeley.edu/committees-initiatives/campus-accreditation-overview,https://www.google-analytics.com/r/collect?v=1&_v=j81&aip=1&a=365975866&t=pageview&_s=1&dl=https%3A%2F%2Fvcue.berkeley.edu%2Fcommittees-initiatives%2Fcampus-accreditation-overview&ul=en-us&de=UTF-8&dt=Campus%20Accreditation%20Overview%20%7C%20Undergraduate%20Education&sd=24-bit&sr=1366x768&vp=1356x694&je=0&fl=32.0%20r0&_utma=41573937.33904625.1587612920.1587612920.1587612920.1&_utmz=41573937.1587612920.1.1.utmcsr%3D(direct)%7Cutmccn%3D(direct)%7Cutmcmd%3D(none)&_utmht=1587612967455&_u=YQBCAEAB~&jid=951284556&gjid=2006252980&cid=33904625.1587612920&tid=UA-67060595-1&_gid=1400988511.1587612967&_r=1&z=942731872,2020-04-23T03:36:07.466Z,
1,"[[""Host"",""use.typekit.net""],[""User-Agent"",""Mozilla/5.0 (X11; Linux x86_64; rv:72.0) Gecko/20100101 Firefox/72.0""],[""Accept"",""*/*""],[""Accept-Language"",""en-US,en;q=0.5""],[""Accept-Encoding"",""gzip, deflate, br""],[""Referer"",""https://www.berkeley.edu/""],[""Connection"",""keep-alive""]]",https://www.berkeley.edu/,https://use.typekit.net/zpy2xov.js,2020-04-23T03:36:27.587Z,
1,"[[""Host"",""ajax.googleapis.com""],[""User-Agent"",""Mozilla/5.0 (X11; Linux x86_64; rv:72.0) Gecko/20100101 Firefox/72.0""],[""Accept"",""*/*""],[""Accept-Language"",""en-US,en;q=0.5""],[""Accept-Encoding"",""gzip, deflate, br""],[""Referer"",""https://www.berkeley.edu/""],[""Connection"",""keep-alive""]]",https://www.berkeley.edu/,https://ajax.googleapis.com/ajax/libs/jquery/2.1.1/jquery.min.js,2020-04-23T03:36:27.587Z,
1,"[[""Host"",""siteimproveanalytics.com""],[""User-Agent"",""Mozilla/5.0 (X11; Linux x86_64; rv:72.0) Gecko/20100101 Firefox/72.0""],[""Accept"",""*/*""],[""Accept-Language"",""en-US,en;q=0.5""],[""Accept-Encoding"",""gzip, deflate, br""],[""Referer"",""https://www.berkeley.edu/""],[""Connection"",""keep-alive""]]",https://www.berkeley.edu/,https://siteimproveanalytics.com/js/siteanalyze_8343.js,2020-04-23T03:36:27.999Z,
1,"[[""Host"",""ssl.google-analytics.com""],[""User-Agent"",""Mozilla/5.0 (X11; Linux x86_64; rv:72.0) Gecko/20100101 Firefox/72.0""],[""Accept"",""*/*""],[""Accept-Language"",""en-US,en;q=0.5""],[""Accept-Encoding"",""gzip, deflate, br""],[""Referer"",""https://www.berkeley.edu/""],[""Connection"",""keep-alive""]]",https://www.berkeley.edu/,https://ssl.google-analytics.com/ga.js,2020-04-23T03:36:28.000Z,
1,"[[""Host"",""use.typekit.net""],[""User-Agent"",""Mozilla/5.0 (X11; Linux x86_64; rv:72.0) Gecko/20100101 Firefox/72.0""],[""Accept"",""application/font-woff2;q=1.0,application/font-woff;q=0.9,*/*;q=0.8""],[""Accept-Language"",""en-US,en;q=0.5""],[""Accept-Encoding"",""identity""],[""Referer"",""https://www.berkeley.edu/""],[""Origin"",""https://www.berkeley.edu""],[""Connection"",""keep-alive""]]",https://www.berkeley.edu/,https://use.typekit.net/af/442215/000000000000000000010b5a/27/l?subset_id=2&fvd=n4&v=3,2020-04-23T03:36:28.000Z,
1,"[[""Host"",""use.typekit.net""],[""User-Agent"",""Mozilla/5.0 (X11; Linux x86_64; rv:72.0) Gecko/20100101 Firefox/72.0""],[""Accept"",""application/font-woff2;q=1.0,application/font-woff;q=0.9,*/*;q=0.8""],[""Accept-Language"",""en-US,en;q=0.5""],[""Accept-Encoding"",""identity""],[""Referer"",""https://www.berkeley.edu/""],[""Origin"",""https://www.berkeley.edu""],[""Connection"",""keep-alive""]]",https://www.berkeley.edu/,https://use.typekit.net/af/3df5fe/000000000000000000010b5b/27/l?subset_id=2&fvd=i4&v=3,2020-04-23T03:36:28.001Z,
1,"[[""Host"",""use.typekit.net""],[""User-Agent"",""Mozilla/5.0 (X11; Linux x86_64; rv:72.0) Gecko/20100101 Firefox/72.0""],[""Accept"",""application/font-woff2;q=1.0,application/font-woff;q=0.9,*/*;q=0.8""],[""Accept-Language"",""en-US,en;q=0.5""],[""Accept-Encoding"",""identity""],[""Referer"",""https://www.berkeley.edu/""],[""Origin"",""https://www.berkeley.edu""],[""Connection"",""keep-alive""]]",https://www.berkeley.edu/,https://use.typekit.net/af/1709eb/000000000000000000010b60/27/l?subset_id=2&fvd=n7&v=3,2020-04-23T03:36:28.001Z,
1,"[[""Host"",""use.typekit.net""],[""User-Agent"",""Mozilla/5.0 (X11; Linux x86_64; rv:72.0) Gecko/20100101 Firefox/72.0""],[""Accept"",""application/font-woff2;q=1.0,application/font-woff;q=0.9,*/*;q=0.8""],[""Accept-Language"",""en-US,en;q=0.5""],[""Accept-Encoding"",""identity""],[""Referer"",""https://www.berkeley.edu/""],[""Origin"",""https://www.berkeley.edu""],[""Connection"",""keep-alive""]]",https://www.berkeley.edu/,https://use.typekit.net/af/65fc7d/000000000000000000010b61/27/l?subset_id=2&fvd=i7&v=3,2020-04-23T03:36:28.001Z,
1,"[[""Host"",""use.typekit.net""],[""User-Agent"",""Mozilla/5.0 (X11; Linux x86_64; rv:72.0) Gecko/20100101 Firefox/72.0""],[""Accept"",""application/font-woff2;q=1.0,application/font-woff;q=0.9,*/*;q=0.8""],[""Accept-Language"",""en-US,en;q=0.5""],[""Accept-Encoding"",""identity""],[""Referer"",""https://www.berkeley.edu/""],[""Origin"",""https://www.berkeley.edu""],[""Connection"",""keep-alive""]]",https://www.berkeley.edu/,https://use.typekit.net/af/8dd886/000000000000000000010b5c/27/l?subset_id=2&fvd=n5&v=3,2020-04-23T03:36:28.001Z,
1,"[[""Host"",""use.typekit.net""],[""User-Agent"",""Mozilla/5.0 (X11; Linux x86_64; rv:72.0) Gecko/20100101 Firefox/72.0""],[""Accept"",""application/font-woff2;q=1.0,application/font-woff;q=0.9,*/*;q=0.8""],[""Accept-Language"",""en-US,en;q=0.5""],[""Accept-Encoding"",""identity""],[""Referer"",""https://www.berkeley.edu/""],[""Origin"",""https://www.berkeley.edu""],[""Connection"",""keep-alive""]]",https://www.berkeley.edu/,https://use.typekit.net/af/441f33/000000000000000000010b5d/27/l?subset_id=2&fvd=i5&v=3,2020-04-23T03:36:28.002Z,
1,"[[""Host"",""use.typekit.net""],[""User-Agent"",""Mozilla/5.0 (X11; Linux x86_64; rv:72.0) Gecko/20100101 Firefox/72.0""],[""Accept"",""application/font-woff2;q=1.0,application/font-woff;q=0.9,*/*;q=0.8""],[""Accept-Language"",""en-US,en;q=0.5""],[""Accept-Encoding"",""identity""],[""Referer"",""https://www.berkeley.edu/""],[""Origin"",""https://www.berkeley.edu""],[""Connection"",""keep-alive""]]",https://www.berkeley.edu/,https://use.typekit.net/af/cef9f3/000000000000000000010b5e/27/l?subset_id=2&fvd=n6&v=3,2020-04-23T03:36:28.002Z,
1,"[[""Host"",""use.typekit.net""],[""User-Agent"",""Mozilla/5.0 (X11; Linux x86_64; rv:72.0) Gecko/20100101 Firefox/72.0""],[""Accept"",""application/font-woff2;q=1.0,application/font-woff;q=0.9,*/*;q=0.8""],[""Accept-Language"",""en-US,en;q=0.5""],[""Accept-Encoding"",""identity""],[""Referer"",""https://www.berkeley.edu/""],[""Origin"",""https://www.berkeley.edu""],[""Connection"",""keep-alive""]]",https://www.berkeley.edu/,https://use.typekit.net/af/2a72d2/000000000000000000010b5f/27/l?subset_id=2&fvd=i6&v=3,2020-04-23T03:36:28.002Z,
1,"[[""Host"",""use.typekit.net""],[""User-Agent"",""Mozilla/5.0 (X11; Linux x86_64; rv:72.0) Gecko/20100101 Firefox/72.0""],[""Accept"",""application/font-woff2;q=1.0,application/font-woff;q=0.9,*/*;q=0.8""],[""Accept-Language"",""en-US,en;q=0.5""],[""Accept-Encoding"",""identity""],[""Referer"",""https://www.berkeley.edu/""],[""Origin"",""https://www.berkeley.edu""],[""Connection"",""keep-alive""]]",https://www.berkeley.edu/,https://use.typekit.net/af/f0834a/00000000000000000001322b/27/l?subset_id=2&fvd=i4&v=3,2020-04-23T03:36:28.002Z,
1,"[[""Host"",""use.typekit.net""],[""User-Agent"",""Mozilla/5.0 (X11; Linux x86_64; rv:72.0) Gecko/20100101 Firefox/72.0""],[""Accept"",""application/font-woff2;q=1.0,application/font-woff;q=0.9,*/*;q=0.8""],[""Accept-Language"",""en-US,en;q=0.5""],[""Accept-Encoding"",""identity""],[""Referer"",""https://www.berkeley.edu/""],[""Origin"",""https://www.berkeley.edu""],[""Connection"",""keep-alive""]]",https://www.berkeley.edu/,https://use.typekit.net/af/a43b99/00000000000000000001326c/27/l?subset_id=2&fvd=i5&v=3,2020-04-23T03:36:28.003Z,
1,"[[""Host"",""use.typekit.net""],[""User-Agent"",""Mozilla/5.0 (X11; Linux x86_64; rv:72.0) Gecko/20100101 Firefox/72.0""],[""Accept"",""application/font-woff2;q=1.0,application/font-woff;q=0.9,*/*;q=0.8""],[""Accept-Language"",""en-US,en;q=0.5""],[""Accept-Encoding"",""identity""],[""Referer"",""https://www.berkeley.edu/""],[""Origin"",""https://www.berkeley.edu""],[""Connection"",""keep-alive""]]",https://www.berkeley.edu/,https://use.typekit.net/af/675d34/00000000000000000001326e/27/l?subset_id=2&fvd=i6&v=3,2020-04-23T03:36:28.003Z,
1,"[[""Host"",""www.youtube.com""],[""User-Agent"",""Mozilla/5.0 (X11; Linux x86_64; rv:72.0) Gecko/20100101 Firefox/72.0""],[""Accept"",""*/*""],[""Accept-Language"",""en-US,en;q=0.5""],[""Accept-Encoding"",""gzip, deflate, br""],[""Referer"",""https://www.berkeley.edu/""],[""Connection"",""keep-alive""]]",https://www.berkeley.edu/,https://www.youtube.com/iframe_api,2020-04-23T03:36:28.004Z,
1,"[[""Host"",""connect.facebook.net""],[""User-Agent"",""Mozilla/5.0 (X11; Linux x86_64; rv:72.0) Gecko/20100101 Firefox/72.0""],[""Accept"",""*/*""],[""Accept-Language"",""en-US,en;q=0.5""],[""Accept-Encoding"",""gzip, deflate, br""],[""Referer"",""https://www.berkeley.edu/""],[""Connection"",""keep-alive""]]",https://www.berkeley.edu/,https://connect.facebook.net/en_UK/all.js,2020-04-23T03:36:28.005Z,
1,"[[""Host"",""ssl.google-analytics.com""],[""User-Agent"",""Mozilla/5.0 (X11; Linux x86_64; rv:72.0) Gecko/20100101 Firefox/72.0""],[""Accept"",""image/webp,*/*""],[""Accept-Language"",""en-US,en;q=0.5""],[""Accept-Encoding"",""gzip, deflate, br""],[""Referer"",""https://www.berkeley.edu/""],[""Connection"",""keep-alive""]]",https://www.berkeley.edu/,https://ssl.google-analytics.com/__utm.gif?utmwv=5.7.2&utms=3&utmn=1752789141&utmhn=www.berkeley.edu&utmcs=UTF-8&utmsr=1366x768&utmvp=1356x694&utmsc=24-bit&utmul=en-us&utmje=0&utmfl=32.0%20r0&utmdt=Home%20%7C%20University%20of%20California%2C%20Berkeley&utmhid=1893013627&utmr=-&utmp=%2F&utmht=1587612988069&utmac=UA-1506086-3&utmcc=__utma%3D41573937.33904625.1587612920.1587612920.1587612920.1%3B%2B__utmz%3D41573937.1587612920.1.1.utmcsr%3D(direct)%7Cutmccn%3D(direct)%7Cutmcmd%3D(none)%3B&utmjid=&utmu=qAAAAAAAAAAAAAAAAAAAAAAE~,2020-04-23T03:36:28.107Z,
1,"[[""Host"",""p.typekit.net""],[""User-Agent"",""Mozilla/5.0 (X11; Linux x86_64; rv:72.0) Gecko/20100101 Firefox/72.0""],[""Accept"",""image/webp,*/*""],[""Accept-Language"",""en-US,en;q=0.5""],[""Accept-Encoding"",""gzip, deflate, br""],[""Referer"",""https://www.berkeley.edu/""],[""Connection"",""keep-alive""]]",https://www.berkeley.edu/,https://p.typekit.net/p.gif?s=1&k=zpy2xov&ht=tk&h=www.berkeley.edu&f=10954.13453.13454.13455.13458.13459.13460.13461.13441.13442.13447.13448.13449.13450&a=565005&js=1.19.2&app=typekit&e=js&_=1587612988097,2020-04-23T03:36:28.155Z,
1,"[[""Host"",""s.ytimg.com""],[""User-Agent"",""Mozilla/5.0 (X11; Linux x86_64; rv:72.0) Gecko/20100101 Firefox/72.0""],[""Accept"",""*/*""],[""Accept-Language"",""en-US,en;q=0.5""],[""Accept-Encoding"",""gzip, deflate, br""],[""Referer"",""https://www.berkeley.edu/""],[""Connection"",""keep-alive""]]",https://www.berkeley.edu/,https://s.ytimg.com/yts/jsbin/www-widgetapi-vflTDS0tW/www-widgetapi.js,2020-04-23T03:36:28.156Z,
1,"[[""Host"",""connect.facebook.net""],[""User-Agent"",""Mozilla/5.0 (X11; Linux x86_64; rv:72.0) Gecko/20100101 Firefox/72.0""],[""Accept"",""*/*""],[""Accept-Language"",""en-US,en;q=0.5""],[""Accept-Encoding"",""gzip, deflate, br""],[""Referer"",""https://www.berkeley.edu/""],[""Origin"",""https://www.berkeley.edu""],[""Connection"",""keep-alive""]]",https://www.berkeley.edu/,https://connect.facebook.net/en_US/all.js?hash=e6605ed997e83c2fa3601dfcb11dae61,2020-04-23T03:36:28.156Z,
1,"[[""Host"",""8343.global.siteimproveanalytics.io""],[""User-Agent"",""Mozilla/5.0 (X11; Linux x86_64; rv:72.0) Gecko/20100101 Firefox/72.0""],[""Accept"",""image/webp,*/*""],[""Accept-Language"",""en-US,en;q=0.5""],[""Accept-Encoding"",""gzip, deflate, br""],[""Referer"",""https://www.berkeley.edu/""],[""Connection"",""keep-alive""],[""Cookie"",""siteimproveses=742e37f5-7f07-42c1-af4d-b9e2559b521c; AWSELB=79A3199D10510369DCF60AC124D33FFF15563589227427DFAF0FF5752405531A0B0E934FBD1F6DF63C23D908B9DF8504198078834F0C143FF73F716D574C9DCA3600FDE15996BA362D8F29D671DE0D65EF01927733""]]",https://www.berkeley.edu/,https://8343.global.siteimproveanalytics.io/image.aspx?url=https%3A%2F%2Fwww.berkeley.edu%2F&title=Home%20%7C%20University%20of%20California%2C%20Berkeley&res=1366x768&accountid=8343&rt=650&prev=1587612924552&luid=65842975-b472-29c2-809c-b0ca9dd98091&rnd=42543,2020-04-23T03:36:28.241Z,siteimproveses=742e37f5-7f07-42c1-af4d-b9e2559b521c; AWSELB=79A3199D10510369DCF60AC124D33FFF15563589227427DFAF0FF5752405531A0B0E934FBD1F6DF63C23D908B9DF8504198078834F0C143FF73F716D574C9DCA3600FDE15996BA362D8F29D671DE0D65EF01927733
1,"[[""Host"",""www.facebook.com""],[""User-Agent"",""Mozilla/5.0 (X11; Linux x86_64; rv:72.0) Gecko/20100101 Firefox/72.0""],[""Accept"",""*/*""],[""Accept-Language"",""en-US,en;q=0.5""],[""Accept-Encoding"",""gzip, deflate, br""],[""Referer"",""https://www.berkeley.edu/""],[""Origin"",""https://www.berkeley.edu""],[""Connection"",""keep-alive""]]",https://www.berkeley.edu/,https://www.facebook.com/x/oauth/status?client_id=290984014442671&input_token&origin=1&redirect_uri=https%3A%2F%2Fwww.berkeley.edu%2F&sdk=joey&wants_cookie_data=false,2020-04-23T03:36:28.284Z,
1,"[[""Host"",""8343.global.siteimproveanalytics.io""],[""User-Agent"",""Mozilla/5.0 (X11; Linux x86_64; rv:72.0) Gecko/20100101 Firefox/72.0""],[""Accept"",""image/webp,*/*""],[""Accept-Language"",""en-US,en;q=0.5""],[""Accept-Encoding"",""gzip, deflate, br""],[""Referer"",""https://www.berkeley.edu/""],[""Connection"",""keep-alive""],[""Cookie"",""siteimproveses=742e37f5-7f07-42c1-af4d-b9e2559b521c; AWSELB=79A3199D10510369DCF60AC124D33FFF15563589227427DFAF0FF5752405531A0B0E934FBD1F6DF63C23D908B9DF8504198078834F0C143FF73F716D574C9DCA3600FDE15996BA362D8F29D671DE0D65EF01927733""]]",https://www.berkeley.edu/,https://8343.global.siteimproveanalytics.io/image.aspx?ourl=https%3A%2F%2Fwww.berkeley.edu%2Fdirectory&ref=https%3A%2F%2Fwww.berkeley.edu%2F&autoonclick=1&accountid=8343&prev=1587612924552&rnd=27815,2020-04-23T03:36:30.480Z,siteimproveses=742e37f5-7f07-42c1-af4d-b9e2559b521c; AWSELB=79A3199D10510369DCF60AC124D33FFF15563589227427DFAF0FF5752405531A0B0E934FBD1F6DF63C23D908B9DF8504198078834F0C143FF73F716D574C9DCA3600FDE15996BA362D8F29D671DE0D65EF01927733
1,"[[""Host"",""use.typekit.net""],[""User-Agent"",""Mozilla/5.0 (X11; Linux x86_64; rv:72.0) Gecko/20100101 Firefox/72.0""],[""Accept"",""*/*""],[""Accept-Language"",""en-US,en;q=0.5""],[""Accept-Encoding"",""gzip, deflate, br""],[""Referer"",""https://www.berkeley.edu/directory""],[""Connection"",""keep-alive""]]",https://www.berkeley.edu/directory,https://use.typekit.net/zpy2xov.js,2020-04-23T03:36:30.941Z,
1,"[[""Host"",""www.google-analytics.com""],[""User-Agent"",""Mozilla/5.0 (X11; Linux x86_64; rv:72.0) Gecko/20100101 Firefox/72.0""],[""Accept"",""*/*""],[""Accept-Language"",""en-US,en;q=0.5""],[""Accept-Encoding"",""gzip, deflate, br""],[""Referer"",""https://www.berkeley.edu/directory""],[""Connection"",""keep-alive""]]",https://www.berkeley.edu/directory,https://www.google-analytics.com/analytics.js,2020-04-23T03:36:31.282Z,
1,"[[""Host"",""p.typekit.net""],[""User-Agent"",""Mozilla/5.0 (X11; Linux x86_64; rv:72.0) Gecko/20100101 Firefox/72.0""],[""Accept"",""image/webp,*/*""],[""Accept-Language"",""en-US,en;q=0.5""],[""Accept-Encoding"",""gzip, deflate, br""],[""Referer"",""https://www.berkeley.edu/directory""],[""Connection"",""keep-alive""]]",https://www.berkeley.edu/directory,https://p.typekit.net/p.gif?s=1&k=zpy2xov&ht=tk&h=www.berkeley.edu&f=10954.13453.13454.13455.13458.13459.13460.13461.13441.13442.13447.13448.13449.13450&a=565005&js=1.19.2&app=typekit&e=js&_=1587612991096,2020-04-23T03:36:31.283Z,
1,"[[""Host"",""www.google-analytics.com""],[""User-Agent"",""Mozilla/5.0 (X11; Linux x86_64; rv:72.0) Gecko/20100101 Firefox/72.0""],[""Accept"",""image/webp,*/*""],[""Accept-Language"",""en-US,en;q=0.5""],[""Accept-Encoding"",""gzip, deflate, br""],[""Referer"",""https://www.berkeley.edu/directory""],[""Connection"",""keep-alive""]]",https://www.berkeley.edu/directory,https://www.google-analytics.com/collect?v=1&_v=j81&a=1064424934&t=pageview&_s=1&dl=https%3A%2F%2Fwww.berkeley.edu%2Fdirectory&ul=en-us&de=UTF-8&dt=Campus%20Directory%20%7C%20University%20of%20California%2C%20Berkeley&sd=24-bit&sr=1366x768&vp=1356x694&je=0&fl=32.0%20r0&_utma=41573937.33904625.1587612920.1587612920.1587612920.1&_utmz=41573937.1587612920.1.1.utmcsr%3D(direct)%7Cutmccn%3D(direct)%7Cutmcmd%3D(none)&_utmht=1587612991323&_u=AACCAEAB~&jid=&gjid=&cid=33904625.1587612920&tid=UA-1506086-3&_gid=1400988511.1587612967&z=1513236555,2020-04-23T03:36:31.331Z,
1,"[[""Host"",""use.typekit.net""],[""User-Agent"",""Mozilla/5.0 (X11; Linux x86_64; rv:72.0) Gecko/20100101 Firefox/72.0""],[""Accept"",""*/*""],[""Accept-Language"",""en-US,en;q=0.5""],[""Accept-Encoding"",""gzip, deflate, br""],[""Referer"",""https://www.berkeley.edu/""],[""Connection"",""keep-alive""]]",https://www.berkeley.edu/,https://use.typekit.net/zpy2xov.js,2020-04-23T03:36:51.451Z,
1,"[[""Host"",""ajax.googleapis.com""],[""User-Agent"",""Mozilla/5.0 (X11; Linux x86_64; rv:72.0) Gecko/20100101 Firefox/72.0""],[""Accept"",""*/*""],[""Accept-Language"",""en-US,en;q=0.5""],[""Accept-Encoding"",""gzip, deflate, br""],[""Referer"",""https://www.berkeley.edu/""],[""Connection"",""keep-alive""]]",https://www.berkeley.edu/,https://ajax.googleapis.com/ajax/libs/jquery/2.1.1/jquery.min.js,2020-04-23T03:36:51.451Z,
1,"[[""Host"",""siteimproveanalytics.com""],[""User-Agent"",""Mozilla/5.0 (X11; Linux x86_64; rv:72.0) Gecko/20100101 Firefox/72.0""],[""Accept"",""*/*""],[""Accept-Language"",""en-US,en;q=0.5""],[""Accept-Encoding"",""gzip, deflate, br""],[""Referer"",""https://www.berkeley.edu/""],[""Connection"",""keep-alive""]]",https://www.berkeley.edu/,https://siteimproveanalytics.com/js/siteanalyze_8343.js,2020-04-23T03:36:51.567Z,
1,"[[""Host"",""ssl.google-analytics.com""],[""User-Agent"",""Mozilla/5.0 (X11; Linux x86_64; rv:72.0) Gecko/20100101 Firefox/72.0""],[""Accept"",""*/*""],[""Accept-Language"",""en-US,en;q=0.5""],[""Accept-Encoding"",""gzip, deflate, br""],[""Referer"",""https://www.berkeley.edu/""],[""Connection"",""keep-alive""]]",https://www.berkeley.edu/,https://ssl.google-analytics.com/ga.js,2020-04-23T03:36:51.568Z,
1,"[[""Host"",""p.typekit.net""],[""User-Agent"",""Mozilla/5.0 (X11; Linux x86_64; rv:72.0) Gecko/20100101 Firefox/72.0""],[""Accept"",""image/webp,*/*""],[""Accept-Language"",""en-US,en;q=0.5""],[""Accept-Encoding"",""gzip, deflate, br""],[""Referer"",""https://www.berkeley.edu/""],[""Connection"",""keep-alive""]]",https://www.berkeley.edu/,https://p.typekit.net/p.gif?s=1&k=zpy2xov&ht=tk&h=www.berkeley.edu&f=10954.13453.13454.13455.13458.13459.13460.13461.13441.13442.13447.13448.13449.13450&a=565005&js=1.19.2&app=typekit&e=js&_=1587613011602,2020-04-23T03:36:51.612Z,
1,"[[""Host"",""www.youtube.com""],[""User-Agent"",""Mozilla/5.0 (X11; Linux x86_64; rv:72.0) Gecko/20100101 Firefox/72.0""],[""Accept"",""*/*""],[""Accept-Language"",""en-US,en;q=0.5""],[""Accept-Encoding"",""gzip, deflate, br""],[""Referer"",""https://www.berkeley.edu/""],[""Connection"",""keep-alive""]]",https://www.berkeley.edu/,https://www.youtube.com/iframe_api,2020-04-23T03:36:51.636Z,
1,"[[""Host"",""connect.facebook.net""],[""User-Agent"",""Mozilla/5.0 (X11; Linux x86_64; rv:72.0) Gecko/20100101 Firefox/72.0""],[""Accept"",""*/*""],[""Accept-Language"",""en-US,en;q=0.5""],[""Accept-Encoding"",""gzip, deflate, br""],[""Referer"",""https://www.berkeley.edu/""],[""Connection"",""keep-alive""]]",https://www.berkeley.edu/,https://connect.facebook.net/en_UK/all.js,2020-04-23T03:36:51.637Z,
1,"[[""Host"",""s.ytimg.com""],[""User-Agent"",""Mozilla/5.0 (X11; Linux x86_64; rv:72.0) Gecko/20100101 Firefox/72.0""],[""Accept"",""*/*""],[""Accept-Language"",""en-US,en;q=0.5""],[""Accept-Encoding"",""gzip, deflate, br""],[""Referer"",""https://www.berkeley.edu/""],[""Connection"",""keep-alive""]]",https://www.berkeley.edu/,https://s.ytimg.com/yts/jsbin/www-widgetapi-vflTDS0tW/www-widgetapi.js,2020-04-23T03:36:51.690Z,
1,"[[""Host"",""connect.facebook.net""],[""User-Agent"",""Mozilla/5.0 (X11; Linux x86_64; rv:72.0) Gecko/20100101 Firefox/72.0""],[""Accept"",""*/*""],[""Accept-Language"",""en-US,en;q=0.5""],[""Accept-Encoding"",""gzip, deflate, br""],[""Referer"",""https://www.berkeley.edu/""],[""Origin"",""https://www.berkeley.edu""],[""Connection"",""keep-alive""]]",https://www.berkeley.edu/,https://connect.facebook.net/en_US/all.js?hash=e6605ed997e83c2fa3601dfcb11dae61,2020-04-23T03:36:51.690Z,
1,"[[""Host"",""ssl.google-analytics.com""],[""User-Agent"",""Mozilla/5.0 (X11; Linux x86_64; rv:72.0) Gecko/20100101 Firefox/72.0""],[""Accept"",""image/webp,*/*""],[""Accept-Language"",""en-US,en;q=0.5""],[""Accept-Encoding"",""gzip, deflate, br""],[""Referer"",""https://www.berkeley.edu/""],[""Connection"",""keep-alive""]]",https://www.berkeley.edu/,https://ssl.google-analytics.com/__utm.gif?utmwv=5.7.2&utms=5&utmn=915659377&utmhn=www.berkeley.edu&utmcs=UTF-8&utmsr=1366x768&utmvp=1356x694&utmsc=24-bit&utmul=en-us&utmje=0&utmfl=32.0%20r0&utmdt=Home%20%7C%20University%20of%20California%2C%20Berkeley&utmhid=992856810&utmr=-&utmp=%2F&utmht=1587613011706&utmac=UA-1506086-3&utmcc=__utma%3D41573937.33904625.1587612920.1587612920.1587612920.1%3B%2B__utmz%3D41573937.1587612920.1.1.utmcsr%3D(direct)%7Cutmccn%3D(direct)%7Cutmcmd%3D(none)%3B&utmjid=&utmu=qAAAAAAAAAAAAAAAAAAAAAAE~,2020-04-23T03:36:51.749Z,
1,"[[""Host"",""8343.global.siteimproveanalytics.io""],[""User-Agent"",""Mozilla/5.0 (X11; Linux x86_64; rv:72.0) Gecko/20100101 Firefox/72.0""],[""Accept"",""image/webp,*/*""],[""Accept-Language"",""en-US,en;q=0.5""],[""Accept-Encoding"",""gzip, deflate, br""],[""Referer"",""https://www.berkeley.edu/""],[""Connection"",""keep-alive""],[""Cookie"",""siteimproveses=742e37f5-7f07-42c1-af4d-b9e2559b521c; AWSELB=79A3199D10510369DCF60AC124D33FFF15563589227427DFAF0FF5752405531A0B0E934FBD1F6DF63C23D908B9DF8504198078834F0C143FF73F716D574C9DCA3600FDE15996BA362D8F29D671DE0D65EF01927733""]]",https://www.berkeley.edu/,https://8343.global.siteimproveanalytics.io/image.aspx?url=https%3A%2F%2Fwww.berkeley.edu%2F&title=Home%20%7C%20University%20of%20California%2C%20Berkeley&res=1366x768&accountid=8343&rt=344&prev=1587612924552&luid=bd77616f-42d3-5440-ba37-fb1a39fffb57&rnd=79673,2020-04-23T03:36:51.759Z,siteimproveses=742e37f5-7f07-42c1-af4d-b9e2559b521c; AWSELB=79A3199D10510369DCF60AC124D33FFF15563589227427DFAF0FF5752405531A0B0E934FBD1F6DF63C23D908B9DF8504198078834F0C143FF73F716D574C9DCA3600FDE15996BA362D8F29D671DE0D65EF01927733
1,"[[""Host"",""www.facebook.com""],[""User-Agent"",""Mozilla/5.0 (X11; Linux x86_64; rv:72.0) Gecko/20100101 Firefox/72.0""],[""Accept"",""*/*""],[""Accept-Language"",""en-US,en;q=0.5""],[""Accept-Encoding"",""gzip, deflate, br""],[""Referer"",""https://www.berkeley.edu/""],[""Origin"",""https://www.berkeley.edu""],[""Connection"",""keep-alive""]]",https://www.berkeley.edu/,https://www.facebook.com/x/oauth/status?client_id=290984014442671&input_token&origin=1&redirect_uri=https%3A%2F%2Fwww.berkeley.edu%2F&sdk=joey&wants_cookie_data=false,2020-04-23T03:36:51.835Z,
1,"[[""Host"",""8343.global.siteimproveanalytics.io""],[""User-Agent"",""Mozilla/5.0 (X11; Linux x86_64; rv:72.0) Gecko/20100101 Firefox/72.0""],[""Accept"",""image/webp,*/*""],[""Accept-Language"",""en-US,en;q=0.5""],[""Accept-Encoding"",""gzip, deflate, br""],[""Referer"",""https://www.berkeley.edu/""],[""Connection"",""keep-alive""],[""Cookie"",""siteimproveses=742e37f5-7f07-42c1-af4d-b9e2559b521c; AWSELB=79A3199D10510369DCF60AC124D33FFF15563589227427DFAF0FF5752405531A0B0E934FBD1F6DF63C23D908B9DF8504198078834F0C143FF73F716D574C9DCA3600FDE15996BA362D8F29D671DE0D65EF01927733""]]",https://www.berkeley.edu/,https://8343.global.siteimproveanalytics.io/image.aspx?ourl=http%3A%2F%2Fevents.berkeley.edu%2F%3Fevent_ID%3D132866&ref=https%3A%2F%2Fwww.berkeley.edu%2F&autoonclick=1&accountid=8343&prev=1587612924552&rnd=31141,2020-04-23T03:36:53.971Z,siteimproveses=742e37f5-7f07-42c1-af4d-b9e2559b521c; AWSELB=79A3199D10510369DCF60AC124D33FFF15563589227427DFAF0FF5752405531A0B0E934FBD1F6DF63C23D908B9DF8504198078834F0C143FF73F716D574C9DCA3600FDE15996BA362D8F29D671DE0D65EF01927733
1,"[[""Host"",""use.typekit.net""],[""User-Agent"",""Mozilla/5.0 (X11; Linux x86_64; rv:72.0) Gecko/20100101 Firefox/72.0""],[""Accept"",""*/*""],[""Accept-Language"",""en-US,en;q=0.5""],[""Accept-Encoding"",""gzip, deflate, br""],[""Referer"",""https://events.berkeley.edu/index.php?event_ID=132866""],[""Connection"",""keep-alive""]]",https://events.berkeley.edu/index.php?event_ID=132866,https://use.typekit.net/zpy2xov.js,2020-04-23T03:36:54.835Z,
1,"[[""Host"",""cdn.jsdelivr.net""],[""User-Agent"",""Mozilla/5.0 (X11; Linux x86_64; rv:72.0) Gecko/20100101 Firefox/72.0""],[""Accept"",""text/css,*/*;q=0.1""],[""Accept-Language"",""en-US,en;q=0.5""],[""Accept-Encoding"",""gzip, deflate, br""],[""Referer"",""https://events.berkeley.edu/index.php?event_ID=132866""],[""Connection"",""keep-alive""]]",https://events.berkeley.edu/index.php?event_ID=132866,https://cdn.jsdelivr.net/jquery.jssocials/1.2.1/jssocials.css,2020-04-23T03:36:54.836Z,
1,"[[""Host"",""cdn.jsdelivr.net""],[""User-Agent"",""Mozilla/5.0 (X11; Linux x86_64; rv:72.0) Gecko/20100101 Firefox/72.0""],[""Accept"",""text/css,*/*;q=0.1""],[""Accept-Language"",""en-US,en;q=0.5""],[""Accept-Encoding"",""gzip, deflate, br""],[""Referer"",""https://events.berkeley.edu/index.php?event_ID=132866""],[""Connection"",""keep-alive""]]",https://events.berkeley.edu/index.php?event_ID=132866,https://cdn.jsdelivr.net/jquery.jssocials/1.2.1/jssocials-theme-flat.css,2020-04-23T03:36:54.836Z,
1,"[[""Host"",""code.jquery.com""],[""User-Agent"",""Mozilla/5.0 (X11; Linux x86_64; rv:72.0) Gecko/20100101 Firefox/72.0""],[""Accept"",""*/*""],[""Accept-Language"",""en-US,en;q=0.5""],[""Accept-Encoding"",""gzip, deflate, br""],[""Referer"",""https://events.berkeley.edu/index.php?event_ID=132866""],[""Connection"",""keep-alive""]]",https://events.berkeley.edu/index.php?event_ID=132866,https://code.jquery.com/jquery-2.1.1.min.js,2020-04-23T03:36:54.837Z,
1,"[[""Host"",""use.fontawesome.com""],[""User-Agent"",""Mozilla/5.0 (X11; Linux x86_64; rv:72.0) Gecko/20100101 Firefox/72.0""],[""Accept"",""*/*""],[""Accept-Language"",""en-US,en;q=0.5""],[""Accept-Encoding"",""gzip, deflate, br""],[""Referer"",""https://events.berkeley.edu/index.php?event_ID=132866""],[""Connection"",""keep-alive""]]",https://events.berkeley.edu/index.php?event_ID=132866,https://use.fontawesome.com/fc5536bcd4.js,2020-04-23T03:36:54.838Z,
1,"[[""Host"",""cdn.jsdelivr.net""],[""User-Agent"",""Mozilla/5.0 (X11; Linux x86_64; rv:72.0) Gecko/20100101 Firefox/72.0""],[""Accept"",""*/*""],[""Accept-Language"",""en-US,en;q=0.5""],[""Accept-Encoding"",""gzip, deflate, br""],[""Referer"",""https://events.berkeley.edu/index.php?event_ID=132866""],[""Connection"",""keep-alive""]]",https://events.berkeley.edu/index.php?event_ID=132866,https://cdn.jsdelivr.net/jquery.jssocials/1.2.1/jssocials.min.js,2020-04-23T03:36:54.838Z,
1,"[[""Host"",""ssl.google-analytics.com""],[""User-Agent"",""Mozilla/5.0 (X11; Linux x86_64; rv:72.0) Gecko/20100101 Firefox/72.0""],[""Accept"",""*/*""],[""Accept-Language"",""en-US,en;q=0.5""],[""Accept-Encoding"",""gzip, deflate, br""],[""Referer"",""https://events.berkeley.edu/index.php?event_ID=132866""],[""Connection"",""keep-alive""]]",https://events.berkeley.edu/index.php?event_ID=132866,https://ssl.google-analytics.com/ga.js,2020-04-23T03:36:55.130Z,
1,"[[""Host"",""www.youtube.com""],[""User-Agent"",""Mozilla/5.0 (X11; Linux x86_64; rv:72.0) Gecko/20100101 Firefox/72.0""],[""Accept"",""text/html,application/xhtml+xml,application/xml;q=0.9,image/webp,*/*;q=0.8""],[""Accept-Language"",""en-US,en;q=0.5""],[""Accept-Encoding"",""gzip, deflate, br""],[""Referer"",""https://events.berkeley.edu/index.php?event_ID=132866""],[""Connection"",""keep-alive""],[""Upgrade-Insecure-Requests"",""1""]]",https://events.berkeley.edu/index.php?event_ID=132866,https://www.youtube.com/embed/https://www.youtube.com/watch?v=3_tTbvyHDa0?autoplay=0&controls=2&modestbranding=1&showinfo=0&ohide=1&enablejsapi=1&wmode=transparent&origin=http%3A%2F%2Fwww.berkeley.edu,2020-04-23T03:36:55.147Z,
1,"[[""Host"",""use.typekit.net""],[""User-Agent"",""Mozilla/5.0 (X11; Linux x86_64; rv:72.0) Gecko/20100101 Firefox/72.0""],[""Accept"",""application/font-woff2;q=1.0,application/font-woff;q=0.9,*/*;q=0.8""],[""Accept-Language"",""en-US,en;q=0.5""],[""Accept-Encoding"",""identity""],[""Referer"",""https://events.berkeley.edu/index.php?event_ID=132866""],[""Origin"",""https://events.berkeley.edu""],[""Connection"",""keep-alive""]]",https://events.berkeley.edu/index.php?event_ID=132866,https://use.typekit.net/af/442215/000000000000000000010b5a/27/l?subset_id=2&fvd=n4&v=3,2020-04-23T03:36:55.418Z,
1,"[[""Host"",""use.typekit.net""],[""User-Agent"",""Mozilla/5.0 (X11; Linux x86_64; rv:72.0) Gecko/20100101 Firefox/72.0""],[""Accept"",""application/font-woff2;q=1.0,application/font-woff;q=0.9,*/*;q=0.8""],[""Accept-Language"",""en-US,en;q=0.5""],[""Accept-Encoding"",""identity""],[""Referer"",""https://events.berkeley.edu/index.php?event_ID=132866""],[""Origin"",""https://events.berkeley.edu""],[""Connection"",""keep-alive""]]",https://events.berkeley.edu/index.php?event_ID=132866,https://use.typekit.net/af/6f88f7/00000000000000000001322a/27/l?subset_id=2&fvd=n4&v=3,2020-04-23T03:36:55.419Z,
1,"[[""Host"",""use.typekit.net""],[""User-Agent"",""Mozilla/5.0 (X11; Linux x86_64; rv:72.0) Gecko/20100101 Firefox/72.0""],[""Accept"",""application/font-woff2;q=1.0,application/font-woff;q=0.9,*/*;q=0.8""],[""Accept-Language"",""en-US,en;q=0.5""],[""Accept-Encoding"",""identity""],[""Referer"",""https://events.berkeley.edu/index.php?event_ID=132866""],[""Origin"",""https://events.berkeley.edu""],[""Connection"",""keep-alive""]]",https://events.berkeley.edu/index.php?event_ID=132866,https://use.typekit.net/af/0199e8/00000000000000000001326d/27/l?subset_id=2&fvd=n6&v=3,2020-04-23T03:36:55.419Z,
1,"[[""Host"",""use.fontawesome.com""],[""User-Agent"",""Mozilla/5.0 (X11; Linux x86_64; rv:72.0) Gecko/20100101 Firefox/72.0""],[""Accept"",""*/*""],[""Accept-Language"",""en-US,en;q=0.5""],[""Accept-Encoding"",""gzip, deflate, br""],[""Referer"",""https://events.berkeley.edu/index.php?event_ID=132866""],[""Connection"",""keep-alive""]]",https://events.berkeley.edu/index.php?event_ID=132866,https://use.fontawesome.com/webfontloader/1.6.24/webfontloader.js,2020-04-23T03:36:55.420Z,
1,"[[""Host"",""graph.facebook.com""],[""User-Agent"",""Mozilla/5.0 (X11; Linux x86_64; rv:72.0) Gecko/20100101 Firefox/72.0""],[""Accept"",""application/json, text/javascript, */*; q=0.01""],[""Accept-Language"",""en-US,en;q=0.5""],[""Accept-Encoding"",""gzip, deflate, br""],[""Referer"",""https://events.berkeley.edu/index.php?event_ID=132866""],[""Origin"",""https://events.berkeley.edu""],[""Connection"",""keep-alive""]]",https://events.berkeley.edu/index.php?event_ID=132866,https://graph.facebook.com/fql?q=SELECT%20total_count%20FROM%20link_stat%20WHERE%20url=%27https%3A%2F%2Fevents.berkeley.edu%2Findex.php%3Fevent_ID%3D132866%27,2020-04-23T03:36:55.420Z,
1,"[[""Host"",""www.linkedin.com""],[""User-Agent"",""Mozilla/5.0 (X11; Linux x86_64; rv:72.0) Gecko/20100101 Firefox/72.0""],[""Accept"",""*/*""],[""Accept-Language"",""en-US,en;q=0.5""],[""Accept-Encoding"",""gzip, deflate, br""],[""Referer"",""https://events.berkeley.edu/index.php?event_ID=132866""],[""Connection"",""keep-alive""]]",https://events.berkeley.edu/index.php?event_ID=132866,https://www.linkedin.com/countserv/count/share?format=jsonp&url=https%3A%2F%2Fevents.berkeley.edu%2Findex.php%3Fevent_ID%3D132866&callback=jQuery211027445760460644353_1587613015228&_=1587613015229,2020-04-23T03:36:55.420Z,
1,"[[""Host"",""use.typekit.net""],[""User-Agent"",""Mozilla/5.0 (X11; Linux x86_64; rv:72.0) Gecko/20100101 Firefox/72.0""],[""Accept"",""application/font-woff2;q=1.0,application/font-woff;q=0.9,*/*;q=0.8""],[""Accept-Language"",""en-US,en;q=0.5""],[""Accept-Encoding"",""identity""],[""Referer"",""https://events.berkeley.edu/index.php?event_ID=132866""],[""Origin"",""https://events.berkeley.edu""],[""Connection"",""keep-alive""]]",https://events.berkeley.edu/index.php?event_ID=132866,https://use.typekit.net/af/3df5fe/000000000000000000010b5b/27/l?subset_id=2&fvd=i4&v=3,2020-04-23T03:36:55.421Z,
1,"[[""Host"",""use.typekit.net""],[""User-Agent"",""Mozilla/5.0 (X11; Linux x86_64; rv:72.0) Gecko/20100101 Firefox/72.0""],[""Accept"",""application/font-woff2;q=1.0,application/font-woff;q=0.9,*/*;q=0.8""],[""Accept-Language"",""en-US,en;q=0.5""],[""Accept-Encoding"",""identity""],[""Referer"",""https://events.berkeley.edu/index.php?event_ID=132866""],[""Origin"",""https://events.berkeley.edu""],[""Connection"",""keep-alive""]]",https://events.berkeley.edu/index.php?event_ID=132866,https://use.typekit.net/af/1709eb/000000000000000000010b60/27/l?subset_id=2&fvd=n7&v=3,2020-04-23T03:36:55.421Z,
1,"[[""Host"",""use.typekit.net""],[""User-Agent"",""Mozilla/5.0 (X11; Linux x86_64; rv:72.0) Gecko/20100101 Firefox/72.0""],[""Accept"",""application/font-woff2;q=1.0,application/font-woff;q=0.9,*/*;q=0.8""],[""Accept-Language"",""en-US,en;q=0.5""],[""Accept-Encoding"",""identity""],[""Referer"",""https://events.berkeley.edu/index.php?event_ID=132866""],[""Origin"",""https://events.berkeley.edu""],[""Connection"",""keep-alive""]]",https://events.berkeley.edu/index.php?event_ID=132866,https://use.typekit.net/af/65fc7d/000000000000000000010b61/27/l?subset_id=2&fvd=i7&v=3,2020-04-23T03:36:55.421Z,
1,"[[""Host"",""use.typekit.net""],[""User-Agent"",""Mozilla/5.0 (X11; Linux x86_64; rv:72.0) Gecko/20100101 Firefox/72.0""],[""Accept"",""application/font-woff2;q=1.0,application/font-woff;q=0.9,*/*;q=0.8""],[""Accept-Language"",""en-US,en;q=0.5""],[""Accept-Encoding"",""identity""],[""Referer"",""https://events.berkeley.edu/index.php?event_ID=132866""],[""Origin"",""https://events.berkeley.edu""],[""Connection"",""keep-alive""]]",https://events.berkeley.edu/index.php?event_ID=132866,https://use.typekit.net/af/8dd886/000000000000000000010b5c/27/l?subset_id=2&fvd=n5&v=3,2020-04-23T03:36:55.422Z,
1,"[[""Host"",""use.typekit.net""],[""User-Agent"",""Mozilla/5.0 (X11; Linux x86_64; rv:72.0) Gecko/20100101 Firefox/72.0""],[""Accept"",""application/font-woff2;q=1.0,application/font-woff;q=0.9,*/*;q=0.8""],[""Accept-Language"",""en-US,en;q=0.5""],[""Accept-Encoding"",""identity""],[""Referer"",""https://events.berkeley.edu/index.php?event_ID=132866""],[""Origin"",""https://events.berkeley.edu""],[""Connection"",""keep-alive""]]",https://events.berkeley.edu/index.php?event_ID=132866,https://use.typekit.net/af/441f33/000000000000000000010b5d/27/l?subset_id=2&fvd=i5&v=3,2020-04-23T03:36:55.422Z,
1,"[[""Host"",""use.typekit.net""],[""User-Agent"",""Mozilla/5.0 (X11; Linux x86_64; rv:72.0) Gecko/20100101 Firefox/72.0""],[""Accept"",""application/font-woff2;q=1.0,application/font-woff;q=0.9,*/*;q=0.8""],[""Accept-Language"",""en-US,en;q=0.5""],[""Accept-Encoding"",""identity""],[""Referer"",""https://events.berkeley.edu/index.php?event_ID=132866""],[""Origin"",""https://events.berkeley.edu""],[""Connection"",""keep-alive""]]",https://events.berkeley.edu/index.php?event_ID=132866,https://use.typekit.net/af/cef9f3/000000000000000000010b5e/27/l?subset_id=2&fvd=n6&v=3,2020-04-23T03:36:55.422Z,
1,"[[""Host"",""use.typekit.net""],[""User-Agent"",""Mozilla/5.0 (X11; Linux x86_64; rv:72.0) Gecko/20100101 Firefox/72.0""],[""Accept"",""application/font-woff2;q=1.0,application/font-woff;q=0.9,*/*;q=0.8""],[""Accept-Language"",""en-US,en;q=0.5""],[""Accept-Encoding"",""identity""],[""Referer"",""https://events.berkeley.edu/index.php?event_ID=132866""],[""Origin"",""https://events.berkeley.edu""],[""Connection"",""keep-alive""]]",https://events.berkeley.edu/index.php?event_ID=132866,https://use.typekit.net/af/2a72d2/000000000000000000010b5f/27/l?subset_id=2&fvd=i6&v=3,2020-04-23T03:36:55.423Z,
1,"[[""Host"",""use.typekit.net""],[""User-Agent"",""Mozilla/5.0 (X11; Linux x86_64; rv:72.0) Gecko/20100101 Firefox/72.0""],[""Accept"",""application/font-woff2;q=1.0,application/font-woff;q=0.9,*/*;q=0.8""],[""Accept-Language"",""en-US,en;q=0.5""],[""Accept-Encoding"",""identity""],[""Referer"",""https://events.berkeley.edu/index.php?event_ID=132866""],[""Origin"",""https://events.berkeley.edu""],[""Connection"",""keep-alive""]]",https://events.berkeley.edu/index.php?event_ID=132866,https://use.typekit.net/af/f0834a/00000000000000000001322b/27/l?subset_id=2&fvd=i4&v=3,2020-04-23T03:36:55.424Z,
1,"[[""Host"",""use.typekit.net""],[""User-Agent"",""Mozilla/5.0 (X11; Linux x86_64; rv:72.0) Gecko/20100101 Firefox/72.0""],[""Accept"",""application/font-woff2;q=1.0,application/font-woff;q=0.9,*/*;q=0.8""],[""Accept-Language"",""en-US,en;q=0.5""],[""Accept-Encoding"",""identity""],[""Referer"",""https://events.berkeley.edu/index.php?event_ID=132866""],[""Origin"",""https://events.berkeley.edu""],[""Connection"",""keep-alive""]]",https://events.berkeley.edu/index.php?event_ID=132866,https://use.typekit.net/af/ac3a8f/00000000000000000001326b/27/l?subset_id=2&fvd=n5&v=3,2020-04-23T03:36:55.425Z,
1,"[[""Host"",""use.typekit.net""],[""User-Agent"",""Mozilla/5.0 (X11; Linux x86_64; rv:72.0) Gecko/20100101 Firefox/72.0""],[""Accept"",""application/font-woff2;q=1.0,application/font-woff;q=0.9,*/*;q=0.8""],[""Accept-Language"",""en-US,en;q=0.5""],[""Accept-Encoding"",""identity""],[""Referer"",""https://events.berkeley.edu/index.php?event_ID=132866""],[""Origin"",""https://events.berkeley.edu""],[""Connection"",""keep-alive""]]",https://events.berkeley.edu/index.php?event_ID=132866,https://use.typekit.net/af/a43b99/00000000000000000001326c/27/l?subset_id=2&fvd=i5&v=3,2020-04-23T03:36:55.425Z,
1,"[[""Host"",""use.typekit.net""],[""User-Agent"",""Mozilla/5.0 (X11; Linux x86_64; rv:72.0) Gecko/20100101 Firefox/72.0""],[""Accept"",""application/font-woff2;q=1.0,application/font-woff;q=0.9,*/*;q=0.8""],[""Accept-Language"",""en-US,en;q=0.5""],[""Accept-Encoding"",""identity""],[""Referer"",""https://events.berkeley.edu/index.php?event_ID=132866""],[""Origin"",""https://events.berkeley.edu""],[""Connection"",""keep-alive""]]",https://events.berkeley.edu/index.php?event_ID=132866,https://use.typekit.net/af/675d34/00000000000000000001326e/27/l?subset_id=2&fvd=i6&v=3,2020-04-23T03:36:55.426Z,
1,"[[""Host"",""www.youtube.com""],[""User-Agent"",""Mozilla/5.0 (X11; Linux x86_64; rv:72.0) Gecko/20100101 Firefox/72.0""],[""Accept"",""*/*""],[""Accept-Language"",""en-US,en;q=0.5""],[""Accept-Encoding"",""gzip, deflate, br""],[""Referer"",""https://events.berkeley.edu/index.php?event_ID=132866""],[""Connection"",""keep-alive""],[""Cookie"",""VISITOR_INFO1_LIVE=X6mlaAVQcLQ; GPS=1; YSC=oHDECODTSRk""]]",https://events.berkeley.edu/index.php?event_ID=132866,https://www.youtube.com/iframe_api,2020-04-23T03:36:55.427Z,VISITOR_INFO1_LIVE=X6mlaAVQcLQ; GPS=1; YSC=oHDECODTSRk
1,"[[""Host"",""ssl.google-analytics.com""],[""User-Agent"",""Mozilla/5.0 (X11; Linux x86_64; rv:72.0) Gecko/20100101 Firefox/72.0""],[""Accept"",""image/webp,*/*""],[""Accept-Language"",""en-US,en;q=0.5""],[""Accept-Encoding"",""gzip, deflate, br""],[""Referer"",""https://events.berkeley.edu/index.php?event_ID=132866""],[""Connection"",""keep-alive""]]",https://events.berkeley.edu/index.php?event_ID=132866,https://ssl.google-analytics.com/__utm.gif?utmwv=5.7.2&utms=1&utmn=1506527607&utmhn=events.berkeley.edu&utmcs=UTF-8&utmsr=1366x768&utmvp=1356x694&utmsc=24-bit&utmul=en-us&utmje=0&utmfl=32.0%20r0&utmdt=UC%20Berkeley%20Events%20Calendar%3A%20Berkeley%20Conversations%3A%20COVID-19%20--%20Trauma-Informed%20Approaches%20for%20Individual%20and%20Organizational%20Resilience%20during%20the%20COVID-19%20Crisis&utmhid=1639506091&utmr=-&utmp=%2Findex.php%3Fevent_ID%3D132866&utmht=1587613015358&utmac=UA-1506086-14&utmcc=__utma%3D20808044.33904625.1587612920.1587613015.1587613015.1%3B%2B__utmz%3D20808044.1587613015.1.1.utmcsr%3D(direct)%7Cutmccn%3D(direct)%7Cutmcmd%3D(none)%3B&utmjid=&utmu=qAAAAAAAAAAAAAAAAAABAAAE~,2020-04-23T03:36:55.427Z,
1,"[[""Host"",""www.youtube.com""],[""User-Agent"",""Mozilla/5.0 (X11; Linux x86_64; rv:72.0) Gecko/20100101 Firefox/72.0""],[""Accept"",""text/css,*/*;q=0.1""],[""Accept-Language"",""en-US,en;q=0.5""],[""Accept-Encoding"",""gzip, deflate, br""],[""Referer"",""https://www.youtube.com/embed/https://www.youtube.com/watch?v=3_tTbvyHDa0?autoplay=0&controls=2&modestbranding=1&showinfo=0&ohide=1&enablejsapi=1&wmode=transparent&origin=http%3A%2F%2Fwww.berkeley.edu""],[""Connection"",""keep-alive""],[""Cookie"",""VISITOR_INFO1_LIVE=X6mlaAVQcLQ; GPS=1; YSC=oHDECODTSRk""]]",https://www.youtube.com/embed/https://www.youtube.com/watch?v=3_tTbvyHDa0?autoplay=0&controls=2&modestbranding=1&showinfo=0&ohide=1&enablejsapi=1&wmode=transparent&origin=http%3A%2F%2Fwww.berkeley.edu,https://www.youtube.com/s/player/bfb2a3b4/www-player-webp.css,2020-04-23T03:36:55.427Z,VISITOR_INFO1_LIVE=X6mlaAVQcLQ; GPS=1; YSC=oHDECODTSRk
1,"[[""Host"",""www.youtube.com""],[""User-Agent"",""Mozilla/5.0 (X11; Linux x86_64; rv:72.0) Gecko/20100101 Firefox/72.0""],[""Accept"",""*/*""],[""Accept-Language"",""en-US,en;q=0.5""],[""Accept-Encoding"",""gzip, deflate, br""],[""Referer"",""https://www.youtube.com/embed/https://www.youtube.com/watch?v=3_tTbvyHDa0?autoplay=0&controls=2&modestbranding=1&showinfo=0&ohide=1&enablejsapi=1&wmode=transparent&origin=http%3A%2F%2Fwww.berkeley.edu""],[""Connection"",""keep-alive""],[""Cookie"",""VISITOR_INFO1_LIVE=X6mlaAVQcLQ; GPS=1; YSC=oHDECODTSRk""]]",https://www.youtube.com/embed/https://www.youtube.com/watch?v=3_tTbvyHDa0?autoplay=0&controls=2&modestbranding=1&showinfo=0&ohide=1&enablejsapi=1&wmode=transparent&origin=http%3A%2F%2Fwww.berkeley.edu,https://www.youtube.com/yts/jsbin/www-embed-player-vfl4a1sG9/www-embed-player.js,2020-04-23T03:36:55.428Z,VISITOR_INFO1_LIVE=X6mlaAVQcLQ; GPS=1; YSC=oHDECODTSRk
1,"[[""Host"",""www.youtube.com""],[""User-Agent"",""Mozilla/5.0 (X11; Linux x86_64; rv:72.0) Gecko/20100101 Firefox/72.0""],[""Accept"",""*/*""],[""Accept-Language"",""en-US,en;q=0.5""],[""Accept-Encoding"",""gzip, deflate, br""],[""Referer"",""https://www.youtube.com/embed/https://www.youtube.com/watch?v=3_tTbvyHDa0?autoplay=0&controls=2&modestbranding=1&showinfo=0&ohide=1&enablejsapi=1&wmode=transparent&origin=http%3A%2F%2Fwww.berkeley.edu""],[""Connection"",""keep-alive""],[""Cookie"",""VISITOR_INFO1_LIVE=X6mlaAVQcLQ; GPS=1; YSC=oHDECODTSRk""]]",https://www.youtube.com/embed/https://www.youtube.com/watch?v=3_tTbvyHDa0?autoplay=0&controls=2&modestbranding=1&showinfo=0&ohide=1&enablejsapi=1&wmode=transparent&origin=http%3A%2F%2Fwww.berkeley.edu,https://www.youtube.com/s/player/bfb2a3b4/player_ias.vflset/en_US/base.js,2020-04-23T03:36:55.428Z,VISITOR_INFO1_LIVE=X6mlaAVQcLQ; GPS=1; YSC=oHDECODTSRk
1,"[[""Host"",""p.typekit.net""],[""User-Agent"",""Mozilla/5.0 (X11; Linux x86_64; rv:72.0) Gecko/20100101 Firefox/72.0""],[""Accept"",""image/webp,*/*""],[""Accept-Language"",""en-US,en;q=0.5""],[""Accept-Encoding"",""gzip, deflate, br""],[""Referer"",""https://events.berkeley.edu/index.php?event_ID=132866""],[""Connection"",""keep-alive""]]",https://events.berkeley.edu/index.php?event_ID=132866,https://p.typekit.net/p.gif?s=1&k=zpy2xov&ht=tk&h=events.berkeley.edu&f=10954.13453.13454.13455.13458.13459.13460.13461.13441.13442.13447.13448.13449.13450&a=565005&js=1.19.2&app=typekit&e=js&_=1587613015539,2020-04-23T03:36:55.811Z,
1,"[[""Host"",""use.fontawesome.com""],[""User-Agent"",""Mozilla/5.0 (X11; Linux x86_64; rv:72.0) Gecko/20100101 Firefox/72.0""],[""Accept"",""text/css,*/*;q=0.1""],[""Accept-Language"",""en-US,en;q=0.5""],[""Accept-Encoding"",""gzip, deflate, br""],[""Referer"",""https://events.berkeley.edu/index.php?event_ID=132866""],[""Connection"",""keep-alive""]]",https://events.berkeley.edu/index.php?event_ID=132866,https://use.fontawesome.com/fc5536bcd4.css,2020-04-23T03:36:55.813Z,
1,"[[""Host"",""www.linkedin.com""],[""User-Agent"",""Mozilla/5.0 (X11; Linux x86_64; rv:72.0) Gecko/20100101 Firefox/72.0""],[""Accept"",""*/*""],[""Accept-Language"",""en-US,en;q=0.5""],[""Accept-Encoding"",""gzip, deflate, br""],[""Referer"",""https://events.berkeley.edu/index.php?event_ID=132866""],[""Origin"",""https://events.berkeley.edu""],[""Connection"",""keep-alive""]]",https://events.berkeley.edu/index.php?event_ID=132866,https://www.linkedin.com/countserv/count/share?format=jsonp&url=https%3A%2F%2Fevents.berkeley.edu%2Findex.php%3Fevent_ID%3D132866&callback=?,2020-04-23T03:36:55.814Z,
1,"[[""Host"",""s.ytimg.com""],[""User-Agent"",""Mozilla/5.0 (X11; Linux x86_64; rv:72.0) Gecko/20100101 Firefox/72.0""],[""Accept"",""*/*""],[""Accept-Language"",""en-US,en;q=0.5""],[""Accept-Encoding"",""gzip, deflate, br""],[""Referer"",""https://events.berkeley.edu/index.php?event_ID=132866""],[""Connection"",""keep-alive""]]",https://events.berkeley.edu/index.php?event_ID=132866,https://s.ytimg.com/yts/jsbin/www-widgetapi-vflTDS0tW/www-widgetapi.js,2020-04-23T03:36:56.070Z,
1,"[[""Host"",""graph.facebook.com""],[""User-Agent"",""Mozilla/5.0 (X11; Linux x86_64; rv:72.0) Gecko/20100101 Firefox/72.0""],[""Accept"",""*/*""],[""Accept-Language"",""en-US,en;q=0.5""],[""Accept-Encoding"",""gzip, deflate, br""],[""Referer"",""https://events.berkeley.edu/index.php?event_ID=132866""],[""Origin"",""https://events.berkeley.edu""],[""Connection"",""keep-alive""]]",https://events.berkeley.edu/index.php?event_ID=132866,https://graph.facebook.com/fql?q=SELECT%20total_count%20FROM%20link_stat%20WHERE%20url=%27https%3A%2F%2Fevents.berkeley.edu%2Findex.php%3Fevent_ID%3D132866%27,2020-04-23T03:36:56.070Z,
1,"[[""Host"",""googleads.g.doubleclick.net""],[""User-Agent"",""Mozilla/5.0 (X11; Linux x86_64; rv:72.0) Gecko/20100101 Firefox/72.0""],[""Accept"",""*/*""],[""Accept-Language"",""en-US,en;q=0.5""],[""Accept-Encoding"",""gzip, deflate, br""],[""Referer"",""https://www.youtube.com/embed/https://www.youtube.com/watch?v=3_tTbvyHDa0?autoplay=0&controls=2&modestbranding=1&showinfo=0&ohide=1&enablejsapi=1&wmode=transparent&origin=http%3A%2F%2Fwww.berkeley.edu""],[""Origin"",""https://www.youtube.com""],[""Connection"",""keep-alive""]]",https://www.youtube.com/embed/https://www.youtube.com/watch?v=3_tTbvyHDa0?autoplay=0&controls=2&modestbranding=1&showinfo=0&ohide=1&enablejsapi=1&wmode=transparent&origin=http%3A%2F%2Fwww.berkeley.edu,https://googleads.g.doubleclick.net/pagead/id,2020-04-23T03:36:56.071Z,
1,"[[""Host"",""static.doubleclick.net""],[""User-Agent"",""Mozilla/5.0 (X11; Linux x86_64; rv:72.0) Gecko/20100101 Firefox/72.0""],[""Accept"",""*/*""],[""Accept-Language"",""en-US,en;q=0.5""],[""Accept-Encoding"",""gzip, deflate, br""],[""Referer"",""https://www.youtube.com/embed/https://www.youtube.com/watch?v=3_tTbvyHDa0?autoplay=0&controls=2&modestbranding=1&showinfo=0&ohide=1&enablejsapi=1&wmode=transparent&origin=http%3A%2F%2Fwww.berkeley.edu""],[""Connection"",""keep-alive""]]",https://www.youtube.com/embed/https://www.youtube.com/watch?v=3_tTbvyHDa0?autoplay=0&controls=2&modestbranding=1&showinfo=0&ohide=1&enablejsapi=1&wmode=transparent&origin=http%3A%2F%2Fwww.berkeley.edu,https://static.doubleclick.net/instream/ad_status.js,2020-04-23T03:36:56.071Z,
1,"[[""Host"",""use.fontawesome.com""],[""User-Agent"",""Mozilla/5.0 (X11; Linux x86_64; rv:72.0) Gecko/20100101 Firefox/72.0""],[""Accept"",""text/css,*/*;q=0.1""],[""Accept-Language"",""en-US,en;q=0.5""],[""Accept-Encoding"",""gzip, deflate, br""],[""Referer"",""https://use.fontawesome.com/fc5536bcd4.css""],[""Connection"",""keep-alive""]]",https://use.fontawesome.com/fc5536bcd4.css,https://use.fontawesome.com/releases/v4.6.3/css/font-awesome-css.min.css,2020-04-23T03:36:56.071Z,
1,"[[""Host"",""www.youtube.com""],[""User-Agent"",""Mozilla/5.0 (X11; Linux x86_64; rv:72.0) Gecko/20100101 Firefox/72.0""],[""Accept"",""*/*""],[""Accept-Language"",""en-US,en;q=0.5""],[""Accept-Encoding"",""gzip, deflate, br""],[""Referer"",""https://www.youtube.com/embed/https://www.youtube.com/watch?v=3_tTbvyHDa0?autoplay=0&controls=2&modestbranding=1&showinfo=0&ohide=1&enablejsapi=1&wmode=transparent&origin=http%3A%2F%2Fwww.berkeley.edu""],[""Connection"",""keep-alive""],[""Cookie"",""VISITOR_INFO1_LIVE=X6mlaAVQcLQ; GPS=1; YSC=oHDECODTSRk""]]",https://www.youtube.com/embed/https://www.youtube.com/watch?v=3_tTbvyHDa0?autoplay=0&controls=2&modestbranding=1&showinfo=0&ohide=1&enablejsapi=1&wmode=transparent&origin=http%3A%2F%2Fwww.berkeley.edu,https://www.youtube.com/s/player/bfb2a3b4/player_ias.vflset/en_US/remote.js,2020-04-23T03:36:56.072Z,VISITOR_INFO1_LIVE=X6mlaAVQcLQ; GPS=1; YSC=oHDECODTSRk
1,"[[""Host"",""www.youtube.com""],[""User-Agent"",""Mozilla/5.0 (X11; Linux x86_64; rv:72.0) Gecko/20100101 Firefox/72.0""],[""Accept"",""*/*""],[""Accept-Language"",""en-US,en;q=0.5""],[""Accept-Encoding"",""gzip, deflate, br""],[""Referer"",""https://www.youtube.com/embed/https://www.youtube.com/watch?v=3_tTbvyHDa0?autoplay=0&controls=2&modestbranding=1&showinfo=0&ohide=1&enablejsapi=1&wmode=transparent&origin=http%3A%2F%2Fwww.berkeley.edu""],[""Connection"",""keep-alive""],[""Cookie"",""VISITOR_INFO1_LIVE=X6mlaAVQcLQ; GPS=1; YSC=oHDECODTSRk""]]",https://www.youtube.com/embed/https://www.youtube.com/watch?v=3_tTbvyHDa0?autoplay=0&controls=2&modestbranding=1&showinfo=0&ohide=1&enablejsapi=1&wmode=transparent&origin=http%3A%2F%2Fwww.berkeley.edu,https://www.youtube.com/s/player/bfb2a3b4/player_ias.vflset/en_US/embed.js,2020-04-23T03:36:56.072Z,VISITOR_INFO1_LIVE=X6mlaAVQcLQ; GPS=1; YSC=oHDECODTSRk
1,"[[""Host"",""googleads.g.doubleclick.net""],[""User-Agent"",""Mozilla/5.0 (X11; Linux x86_64; rv:72.0) Gecko/20100101 Firefox/72.0""],[""Accept"",""*/*""],[""Accept-Language"",""en-US,en;q=0.5""],[""Accept-Encoding"",""gzip, deflate, br""],[""Origin"",""https://www.youtube.com""],[""Referer"",""https://www.youtube.com/embed/https://www.youtube.com/watch?v=3_tTbvyHDa0?autoplay=0&controls=2&modestbranding=1&showinfo=0&ohide=1&enablejsapi=1&wmode=transparent&origin=http%3A%2F%2Fwww.berkeley.edu""],[""Connection"",""keep-alive""],[""Cookie"",""test_cookie=CheckForPermission""]]",https://www.youtube.com/embed/https://www.youtube.com/watch?v=3_tTbvyHDa0?autoplay=0&controls=2&modestbranding=1&showinfo=0&ohide=1&enablejsapi=1&wmode=transparent&origin=http%3A%2F%2Fwww.berkeley.edu,https://googleads.g.doubleclick.net/pagead/id?slf_rd=1,2020-04-23T03:36:56.211Z,test_cookie=CheckForPermission
1,"[[""Host"",""use.fontawesome.com""],[""User-Agent"",""Mozilla/5.0 (X11; Linux x86_64; rv:72.0) Gecko/20100101 Firefox/72.0""],[""Accept"",""application/font-woff2;q=1.0,application/font-woff;q=0.9,*/*;q=0.8""],[""Accept-Language"",""en-US,en;q=0.5""],[""Accept-Encoding"",""identity""],[""Referer"",""https://use.fontawesome.com/fc5536bcd4.css""],[""Origin"",""https://events.berkeley.edu""],[""Connection"",""keep-alive""]]",https://use.fontawesome.com/fc5536bcd4.css,https://use.fontawesome.com/releases/v4.6.3/fonts/fontawesome-webfont.woff2,2020-04-23T03:36:56.227Z,
1,"[[""Host"",""www.youtube.com""],[""User-Agent"",""Mozilla/5.0 (X11; Linux x86_64; rv:72.0) Gecko/20100101 Firefox/72.0""],[""Accept"",""*/*""],[""Accept-Language"",""en-US,en;q=0.5""],[""Accept-Encoding"",""gzip, deflate, br""],[""Referer"",""https://www.youtube.com/embed/https://www.youtube.com/watch?v=3_tTbvyHDa0?autoplay=0&controls=2&modestbranding=1&showinfo=0&ohide=1&enablejsapi=1&wmode=transparent&origin=http%3A%2F%2Fwww.berkeley.edu""],[""Content-Type"",""application/json""],[""X-Goog-Visitor-Id"",""CgtYNm1sYUFWUWNMUSjXmoT1BQ%3D%3D""],[""X-YouTube-Client-Name"",""56""],[""X-YouTube-Client-Version"",""20200422""],[""X-YouTube-Utc-Offset"",""0""],[""X-YouTube-Time-Zone"",""UTC""],[""X-YouTube-Ad-Signals"",""dt=1587613015796&flash=0&frm=2&u_tz&u_his=2&u_java&u_h=768&u_w=1366&u_ah=768&u_aw=1366&u_cd=24&u_nplug=1&u_nmime=2&bc=29&bih=-12245933&biw=-12245933&brdim=0%2C0%2C0%2C0%2C1366%2C0%2C1366%2C768%2C0%2C0&vis=1&wgl=true&ca_type=image&bid=ANyPxKp-cnjcIFIxf2W0ZB_a3rKfbCLXbT7l45wjbuy6yXiRPB7xL9JU7UGQC137r3AuU1kLY-8nJB3vVCMLVnEnFNfH9ezGPQ""],[""Content-Length"",""2751""],[""Origin"",""https://www.youtube.com""],[""Connection"",""keep-alive""],[""Cookie"",""VISITOR_INFO1_LIVE=X6mlaAVQcLQ; GPS=1; YSC=oHDECODTSRk""]]",https://www.youtube.com/embed/https://www.youtube.com/watch?v=3_tTbvyHDa0?autoplay=0&controls=2&modestbranding=1&showinfo=0&ohide=1&enablejsapi=1&wmode=transparent&origin=http%3A%2F%2Fwww.berkeley.edu,https://www.youtube.com/youtubei/v1/log_event?alt=json&key=AIzaSyAO_FJ2SlqU8Q4STEHLGCilw_Y9_11qcW8,2020-04-23T03:37:06.038Z,VISITOR_INFO1_LIVE=X6mlaAVQcLQ; GPS=1; YSC=oHDECODTSRk
1,"[[""Host"",""use.typekit.net""],[""User-Agent"",""Mozilla/5.0 (X11; Linux x86_64; rv:72.0) Gecko/20100101 Firefox/72.0""],[""Accept"",""*/*""],[""Accept-Language"",""en-US,en;q=0.5""],[""Accept-Encoding"",""gzip, deflate, br""],[""Referer"",""https://www.berkeley.edu/""],[""Connection"",""keep-alive""]]",https://www.berkeley.edu/,https://use.typekit.net/zpy2xov.js,2020-04-23T03:37:16.411Z,
1,"[[""Host"",""ajax.googleapis.com""],[""User-Agent"",""Mozilla/5.0 (X11; Linux x86_64; rv:72.0) Gecko/20100101 Firefox/72.0""],[""Accept"",""*/*""],[""Accept-Language"",""en-US,en;q=0.5""],[""Accept-Encoding"",""gzip, deflate, br""],[""Referer"",""https://www.berkeley.edu/""],[""Connection"",""keep-alive""]]",https://www.berkeley.edu/,https://ajax.googleapis.com/ajax/libs/jquery/2.1.1/jquery.min.js,2020-04-23T03:37:16.432Z,
1,"[[""Host"",""siteimproveanalytics.com""],[""User-Agent"",""Mozilla/5.0 (X11; Linux x86_64; rv:72.0) Gecko/20100101 Firefox/72.0""],[""Accept"",""*/*""],[""Accept-Language"",""en-US,en;q=0.5""],[""Accept-Encoding"",""gzip, deflate, br""],[""Referer"",""https://www.berkeley.edu/""],[""Connection"",""keep-alive""]]",https://www.berkeley.edu/,https://siteimproveanalytics.com/js/siteanalyze_8343.js,2020-04-23T03:37:16.864Z,
1,"[[""Host"",""ssl.google-analytics.com""],[""User-Agent"",""Mozilla/5.0 (X11; Linux x86_64; rv:72.0) Gecko/20100101 Firefox/72.0""],[""Accept"",""*/*""],[""Accept-Language"",""en-US,en;q=0.5""],[""Accept-Encoding"",""gzip, deflate, br""],[""Referer"",""https://www.berkeley.edu/""],[""Connection"",""keep-alive""]]",https://www.berkeley.edu/,https://ssl.google-analytics.com/ga.js,2020-04-23T03:37:16.864Z,
1,"[[""Host"",""use.typekit.net""],[""User-Agent"",""Mozilla/5.0 (X11; Linux x86_64; rv:72.0) Gecko/20100101 Firefox/72.0""],[""Accept"",""application/font-woff2;q=1.0,application/font-woff;q=0.9,*/*;q=0.8""],[""Accept-Language"",""en-US,en;q=0.5""],[""Accept-Encoding"",""identity""],[""Referer"",""https://www.berkeley.edu/""],[""Origin"",""https://www.berkeley.edu""],[""Connection"",""keep-alive""]]",https://www.berkeley.edu/,https://use.typekit.net/af/442215/000000000000000000010b5a/27/l?subset_id=2&fvd=n4&v=3,2020-04-23T03:37:16.864Z,
1,"[[""Host"",""use.typekit.net""],[""User-Agent"",""Mozilla/5.0 (X11; Linux x86_64; rv:72.0) Gecko/20100101 Firefox/72.0""],[""Accept"",""application/font-woff2;q=1.0,application/font-woff;q=0.9,*/*;q=0.8""],[""Accept-Language"",""en-US,en;q=0.5""],[""Accept-Encoding"",""identity""],[""Referer"",""https://www.berkeley.edu/""],[""Origin"",""https://www.berkeley.edu""],[""Connection"",""keep-alive""]]",https://www.berkeley.edu/,https://use.typekit.net/af/3df5fe/000000000000000000010b5b/27/l?subset_id=2&fvd=i4&v=3,2020-04-23T03:37:16.865Z,
1,"[[""Host"",""use.typekit.net""],[""User-Agent"",""Mozilla/5.0 (X11; Linux x86_64; rv:72.0) Gecko/20100101 Firefox/72.0""],[""Accept"",""application/font-woff2;q=1.0,application/font-woff;q=0.9,*/*;q=0.8""],[""Accept-Language"",""en-US,en;q=0.5""],[""Accept-Encoding"",""identity""],[""Referer"",""https://www.berkeley.edu/""],[""Origin"",""https://www.berkeley.edu""],[""Connection"",""keep-alive""]]",https://www.berkeley.edu/,https://use.typekit.net/af/1709eb/000000000000000000010b60/27/l?subset_id=2&fvd=n7&v=3,2020-04-23T03:37:16.865Z,
1,"[[""Host"",""use.typekit.net""],[""User-Agent"",""Mozilla/5.0 (X11; Linux x86_64; rv:72.0) Gecko/20100101 Firefox/72.0""],[""Accept"",""application/font-woff2;q=1.0,application/font-woff;q=0.9,*/*;q=0.8""],[""Accept-Language"",""en-US,en;q=0.5""],[""Accept-Encoding"",""identity""],[""Referer"",""https://www.berkeley.edu/""],[""Origin"",""https://www.berkeley.edu""],[""Connection"",""keep-alive""]]",https://www.berkeley.edu/,https://use.typekit.net/af/65fc7d/000000000000000000010b61/27/l?subset_id=2&fvd=i7&v=3,2020-04-23T03:37:16.865Z,
1,"[[""Host"",""use.typekit.net""],[""User-Agent"",""Mozilla/5.0 (X11; Linux x86_64; rv:72.0) Gecko/20100101 Firefox/72.0""],[""Accept"",""application/font-woff2;q=1.0,application/font-woff;q=0.9,*/*;q=0.8""],[""Accept-Language"",""en-US,en;q=0.5""],[""Accept-Encoding"",""identity""],[""Referer"",""https://www.berkeley.edu/""],[""Origin"",""https://www.berkeley.edu""],[""Connection"",""keep-alive""]]",https://www.berkeley.edu/,https://use.typekit.net/af/8dd886/000000000000000000010b5c/27/l?subset_id=2&fvd=n5&v=3,2020-04-23T03:37:16.865Z,
1,"[[""Host"",""use.typekit.net""],[""User-Agent"",""Mozilla/5.0 (X11; Linux x86_64; rv:72.0) Gecko/20100101 Firefox/72.0""],[""Accept"",""application/font-woff2;q=1.0,application/font-woff;q=0.9,*/*;q=0.8""],[""Accept-Language"",""en-US,en;q=0.5""],[""Accept-Encoding"",""identity""],[""Referer"",""https://www.berkeley.edu/""],[""Origin"",""https://www.berkeley.edu""],[""Connection"",""keep-alive""]]",https://www.berkeley.edu/,https://use.typekit.net/af/441f33/000000000000000000010b5d/27/l?subset_id=2&fvd=i5&v=3,2020-04-23T03:37:16.866Z,
1,"[[""Host"",""use.typekit.net""],[""User-Agent"",""Mozilla/5.0 (X11; Linux x86_64; rv:72.0) Gecko/20100101 Firefox/72.0""],[""Accept"",""application/font-woff2;q=1.0,application/font-woff;q=0.9,*/*;q=0.8""],[""Accept-Language"",""en-US,en;q=0.5""],[""Accept-Encoding"",""identity""],[""Referer"",""https://www.berkeley.edu/""],[""Origin"",""https://www.berkeley.edu""],[""Connection"",""keep-alive""]]",https://www.berkeley.edu/,https://use.typekit.net/af/cef9f3/000000000000000000010b5e/27/l?subset_id=2&fvd=n6&v=3,2020-04-23T03:37:16.866Z,
1,"[[""Host"",""use.typekit.net""],[""User-Agent"",""Mozilla/5.0 (X11; Linux x86_64; rv:72.0) Gecko/20100101 Firefox/72.0""],[""Accept"",""application/font-woff2;q=1.0,application/font-woff;q=0.9,*/*;q=0.8""],[""Accept-Language"",""en-US,en;q=0.5""],[""Accept-Encoding"",""identity""],[""Referer"",""https://www.berkeley.edu/""],[""Origin"",""https://www.berkeley.edu""],[""Connection"",""keep-alive""]]",https://www.berkeley.edu/,https://use.typekit.net/af/2a72d2/000000000000000000010b5f/27/l?subset_id=2&fvd=i6&v=3,2020-04-23T03:37:16.866Z,
1,"[[""Host"",""use.typekit.net""],[""User-Agent"",""Mozilla/5.0 (X11; Linux x86_64; rv:72.0) Gecko/20100101 Firefox/72.0""],[""Accept"",""application/font-woff2;q=1.0,application/font-woff;q=0.9,*/*;q=0.8""],[""Accept-Language"",""en-US,en;q=0.5""],[""Accept-Encoding"",""identity""],[""Referer"",""https://www.berkeley.edu/""],[""Origin"",""https://www.berkeley.edu""],[""Connection"",""keep-alive""]]",https://www.berkeley.edu/,https://use.typekit.net/af/f0834a/00000000000000000001322b/27/l?subset_id=2&fvd=i4&v=3,2020-04-23T03:37:16.866Z,
1,"[[""Host"",""use.typekit.net""],[""User-Agent"",""Mozilla/5.0 (X11; Linux x86_64; rv:72.0) Gecko/20100101 Firefox/72.0""],[""Accept"",""application/font-woff2;q=1.0,application/font-woff;q=0.9,*/*;q=0.8""],[""Accept-Language"",""en-US,en;q=0.5""],[""Accept-Encoding"",""identity""],[""Referer"",""https://www.berkeley.edu/""],[""Origin"",""https://www.berkeley.edu""],[""Connection"",""keep-alive""]]",https://www.berkeley.edu/,https://use.typekit.net/af/a43b99/00000000000000000001326c/27/l?subset_id=2&fvd=i5&v=3,2020-04-23T03:37:16.867Z,
1,"[[""Host"",""use.typekit.net""],[""User-Agent"",""Mozilla/5.0 (X11; Linux x86_64; rv:72.0) Gecko/20100101 Firefox/72.0""],[""Accept"",""application/font-woff2;q=1.0,application/font-woff;q=0.9,*/*;q=0.8""],[""Accept-Language"",""en-US,en;q=0.5""],[""Accept-Encoding"",""identity""],[""Referer"",""https://www.berkeley.edu/""],[""Origin"",""https://www.berkeley.edu""],[""Connection"",""keep-alive""]]",https://www.berkeley.edu/,https://use.typekit.net/af/675d34/00000000000000000001326e/27/l?subset_id=2&fvd=i6&v=3,2020-04-23T03:37:16.867Z,
1,"[[""Host"",""www.youtube.com""],[""User-Agent"",""Mozilla/5.0 (X11; Linux x86_64; rv:72.0) Gecko/20100101 Firefox/72.0""],[""Accept"",""*/*""],[""Accept-Language"",""en-US,en;q=0.5""],[""Accept-Encoding"",""gzip, deflate, br""],[""Referer"",""https://www.berkeley.edu/""],[""Connection"",""keep-alive""],[""Cookie"",""VISITOR_INFO1_LIVE=X6mlaAVQcLQ; GPS=1; YSC=oHDECODTSRk""]]",https://www.berkeley.edu/,https://www.youtube.com/iframe_api,2020-04-23T03:37:16.868Z,VISITOR_INFO1_LIVE=X6mlaAVQcLQ; GPS=1; YSC=oHDECODTSRk
1,"[[""Host"",""connect.facebook.net""],[""User-Agent"",""Mozilla/5.0 (X11; Linux x86_64; rv:72.0) Gecko/20100101 Firefox/72.0""],[""Accept"",""*/*""],[""Accept-Language"",""en-US,en;q=0.5""],[""Accept-Encoding"",""gzip, deflate, br""],[""Referer"",""https://www.berkeley.edu/""],[""Connection"",""keep-alive""]]",https://www.berkeley.edu/,https://connect.facebook.net/en_UK/all.js,2020-04-23T03:37:16.869Z,
1,"[[""Host"",""ssl.google-analytics.com""],[""User-Agent"",""Mozilla/5.0 (X11; Linux x86_64; rv:72.0) Gecko/20100101 Firefox/72.0""],[""Accept"",""image/webp,*/*""],[""Accept-Language"",""en-US,en;q=0.5""],[""Accept-Encoding"",""gzip, deflate, br""],[""Referer"",""https://www.berkeley.edu/""],[""Connection"",""keep-alive""]]",https://www.berkeley.edu/,https://ssl.google-analytics.com/__utm.gif?utmwv=5.7.2&utms=6&utmn=780880033&utmhn=www.berkeley.edu&utmcs=UTF-8&utmsr=1366x768&utmvp=1356x694&utmsc=24-bit&utmul=en-us&utmje=0&utmfl=32.0%20r0&utmdt=Home%20%7C%20University%20of%20California%2C%20Berkeley&utmhid=1252390533&utmr=-&utmp=%2F&utmht=1587613036893&utmac=UA-1506086-3&utmcc=__utma%3D41573937.33904625.1587612920.1587612920.1587612920.1%3B%2B__utmz%3D41573937.1587612920.1.1.utmcsr%3D(direct)%7Cutmccn%3D(direct)%7Cutmcmd%3D(none)%3B&utmjid=&utmu=qAAAAAAAAAAAAAAAAAAAAAAE~,2020-04-23T03:37:16.953Z,
1,"[[""Host"",""s.ytimg.com""],[""User-Agent"",""Mozilla/5.0 (X11; Linux x86_64; rv:72.0) Gecko/20100101 Firefox/72.0""],[""Accept"",""*/*""],[""Accept-Language"",""en-US,en;q=0.5""],[""Accept-Encoding"",""gzip, deflate, br""],[""Referer"",""https://www.berkeley.edu/""],[""Connection"",""keep-alive""]]",https://www.berkeley.edu/,https://s.ytimg.com/yts/jsbin/www-widgetapi-vflTDS0tW/www-widgetapi.js,2020-04-23T03:37:16.953Z,
1,"[[""Host"",""connect.facebook.net""],[""User-Agent"",""Mozilla/5.0 (X11; Linux x86_64; rv:72.0) Gecko/20100101 Firefox/72.0""],[""Accept"",""*/*""],[""Accept-Language"",""en-US,en;q=0.5""],[""Accept-Encoding"",""gzip, deflate, br""],[""Referer"",""https://www.berkeley.edu/""],[""Origin"",""https://www.berkeley.edu""],[""Connection"",""keep-alive""]]",https://www.berkeley.edu/,https://connect.facebook.net/en_US/all.js?hash=e6605ed997e83c2fa3601dfcb11dae61,2020-04-23T03:37:16.954Z,
1,"[[""Host"",""p.typekit.net""],[""User-Agent"",""Mozilla/5.0 (X11; Linux x86_64; rv:72.0) Gecko/20100101 Firefox/72.0""],[""Accept"",""image/webp,*/*""],[""Accept-Language"",""en-US,en;q=0.5""],[""Accept-Encoding"",""gzip, deflate, br""],[""Referer"",""https://www.berkeley.edu/""],[""Connection"",""keep-alive""]]",https://www.berkeley.edu/,https://p.typekit.net/p.gif?s=1&k=zpy2xov&ht=tk&h=www.berkeley.edu&f=10954.13453.13454.13455.13458.13459.13460.13461.13441.13442.13447.13448.13449.13450&a=565005&js=1.19.2&app=typekit&e=js&_=1587613036933,2020-04-23T03:37:16.976Z,
1,"[[""Host"",""8343.global.siteimproveanalytics.io""],[""User-Agent"",""Mozilla/5.0 (X11; Linux x86_64; rv:72.0) Gecko/20100101 Firefox/72.0""],[""Accept"",""image/webp,*/*""],[""Accept-Language"",""en-US,en;q=0.5""],[""Accept-Encoding"",""gzip, deflate, br""],[""Referer"",""https://www.berkeley.edu/""],[""Connection"",""keep-alive""],[""Cookie"",""siteimproveses=742e37f5-7f07-42c1-af4d-b9e2559b521c; AWSELB=79A3199D10510369DCF60AC124D33FFF15563589227427DFAF0FF5752405531A0B0E934FBD1F6DF63C23D908B9DF8504198078834F0C143FF73F716D574C9DCA3600FDE15996BA362D8F29D671DE0D65EF01927733""]]",https://www.berkeley.edu/,https://8343.global.siteimproveanalytics.io/image.aspx?url=https%3A%2F%2Fwww.berkeley.edu%2F&title=Home%20%7C%20University%20of%20California%2C%20Berkeley&res=1366x768&accountid=8343&rt=683&prev=1587612924552&luid=9dc6fb24-bea5-ed3e-2492-1cf1e53180f4&rnd=53143,2020-04-23T03:37:17.026Z,siteimproveses=742e37f5-7f07-42c1-af4d-b9e2559b521c; AWSELB=79A3199D10510369DCF60AC124D33FFF15563589227427DFAF0FF5752405531A0B0E934FBD1F6DF63C23D908B9DF8504198078834F0C143FF73F716D574C9DCA3600FDE15996BA362D8F29D671DE0D65EF01927733
1,"[[""Host"",""www.facebook.com""],[""User-Agent"",""Mozilla/5.0 (X11; Linux x86_64; rv:72.0) Gecko/20100101 Firefox/72.0""],[""Accept"",""*/*""],[""Accept-Language"",""en-US,en;q=0.5""],[""Accept-Encoding"",""gzip, deflate, br""],[""Referer"",""https://www.berkeley.edu/""],[""Origin"",""https://www.berkeley.edu""],[""Connection"",""keep-alive""]]",https://www.berkeley.edu/,https://www.facebook.com/x/oauth/status?client_id=290984014442671&input_token&origin=1&redirect_uri=https%3A%2F%2Fwww.berkeley.edu%2F&sdk=joey&wants_cookie_data=false,2020-04-23T03:37:17.097Z,
